week_start,category,merchant,revenue_gained,revenue_lost
2025-09-22,Category 6,Merchant 3,504.77,30
2025-09-08,Category 10,Merchant 4,3424.68,185.02
2025-09-08,Category 5,Merchant 17,520.69,24.99
2025-10-13,Category 5,Merchant 12,4546.77,240.98
2025-10-27,Category 2,Merchant 9,5509.53,228.57
2025-09-29,Category 7,Merchant 20,3090.42,124.04
2025-09-08,Category 6,Merchant 19,7344.77,373.95
2025-09-15,Category 8,Merchant 10,5804.62,248.35
2025-10-27,Category 4,Merchant 6,1300.63,70.19
2025-10-13,Category 5,Merchant 19,8865.49,344.29
2025-11-03,Category 9,Merchant 11,1854.62,115.24
2025-09-15,Category 10,Merchant 18,1230.05,69.05
2025-10-27,Category 10,Merchant 3,4134.69,178.92
2025-10-13,Category 8,Merchant 8,1661.12,77.6
2025-10-27,Category 1,Merchant 8,2563.18,109.27
2025-09-29,Category 9,Merchant 18,4173.51,230.43
2025-11-03,Category 10,Merchant 16,1610.55,68.93
2025-09-08,Category 9,Merchant 20,915.78,52.15
2025-10-06,Category 5,Merchant 9,1513.67,98.75
2025-09-29,Category 10,Merchant 20,4128.46,268.07
2025-09-08,Category 6,Merchant 13,3490.49,185.18
2025-11-03,Category 3,Merchant 12,2595.05,136.07
2025-09-08,Category 3,Merchant 3,6962.53,407.68
2025-09-29,Category 10,Merchant 13,727.19,49.48
2025-10-27,Category 7,Merchant 8,3872.16,160.74
2025-10-13,Category 3,Merchant 15,3394.54,203.35
2025-11-03,Category 6,Merchant 2,3717.83,271.58
2025-10-27,Category 1,Merchant 17,1362.6,52.89
2025-09-15,Category 9,Merchant 2,3913.85,198.37
2025-09-22,Category 7,Merchant 9,4522.97,215.26
2025-11-03,Category 1,Merchant 20,856.91,43.96
2025-10-27,Category 3,Merchant 3,7127.83,447.05
2025-09-29,Category 6,Merchant 16,3191.92,120.98
2025-09-15,Category 3,Merchant 18,3110.65,161.05
2025-10-27,Category 7,Merchant 12,5234.9,240.81
2025-09-08,Category 2,Merchant 13,3825.62,198.36
2025-09-29,Category 1,Merchant 14,2471.06,143.84
2025-10-06,Category 3,Merchant 7,4259.72,190.97
2025-09-08,Category 9,Merchant 18,3837.63,238.43
2025-10-20,Category 2,Merchant 2,7493.29,411.14
2025-09-08,Category 10,Merchant 6,2023.1,141.37
2025-09-15,Category 6,Merchant 10,2678.58,181.08
2025-10-20,Category 10,Merchant 5,1432.41,85.44
2025-10-06,Category 1,Merchant 1,1566.21,74.78
2025-10-13,Category 10,Merchant 10,2462.23,139.38
2025-10-27,Category 2,Merchant 8,2675.99,134.75
2025-10-06,Category 5,Merchant 5,7863.58,481.4
2025-09-15,Category 1,Merchant 11,1698.81,64.46
2025-10-27,Category 10,Merchant 5,943.39,15.57
2025-09-29,Category 7,Merchant 19,4187.86,204.58
2025-09-08,Category 3,Merchant 20,1528.78,68.83
2025-11-03,Category 3,Merchant 4,2194.22,120.46
2025-11-03,Category 2,Merchant 6,1627.26,106.04
2025-09-15,Category 7,Merchant 8,3839.32,215.1
2025-10-13,Category 5,Merchant 16,5884.4,305.33
2025-09-22,Category 9,Merchant 4,930.3,59.83
2025-10-27,Category 2,Merchant 16,4313.9,231.2
2025-10-27,Category 7,Merchant 17,3534.14,175.43
2025-10-06,Category 4,Merchant 3,5530.36,266.84
2025-10-06,Category 8,Merchant 16,6527.63,208.23
2025-10-13,Category 3,Merchant 3,6393.85,254.67
2025-10-13,Category 1,Merchant 3,3559.08,195
2025-09-08,Category 6,Merchant 15,3548.43,202.92
2025-10-20,Category 9,Merchant 14,760.74,17.17
2025-10-27,Category 4,Merchant 19,1310.97,90.29
2025-10-27,Category 7,Merchant 2,2720.96,137.77
2025-10-20,Category 10,Merchant 4,4270.85,227.35
2025-09-22,Category 3,Merchant 7,3305.38,149.61
2025-09-29,Category 2,Merchant 3,2553.33,149.11
2025-09-15,Category 1,Merchant 13,1066.83,19.88
2025-10-27,Category 6,Merchant 11,5911.56,306.52
2025-09-08,Category 2,Merchant 10,3108.55,167.51
2025-10-06,Category 10,Merchant 16,958.43,41.49
2025-10-20,Category 9,Merchant 5,5340.08,346.23
2025-09-29,Category 7,Merchant 14,2852.65,150.6
2025-10-06,Category 8,Merchant 19,4037.64,210.14
2025-10-13,Category 1,Merchant 9,5400.8,304.47
2025-10-13,Category 4,Merchant 16,7293.9,382.01
2025-10-20,Category 7,Merchant 11,1901.66,111.51
2025-09-29,Category 7,Merchant 2,2132.42,111.96
2025-11-03,Category 8,Merchant 18,1001.92,67.87
2025-11-03,Category 2,Merchant 8,2627.29,117.64
2025-10-20,Category 8,Merchant 10,3013.42,176.32
2025-10-06,Category 4,Merchant 6,1078.65,57.85
2025-10-06,Category 5,Merchant 11,507.45,52.03
2025-09-08,Category 8,Merchant 2,4020.31,241.61
2025-09-08,Category 6,Merchant 2,3837.31,257.28
2025-11-03,Category 6,Merchant 15,3133.19,136.8
2025-09-22,Category 3,Merchant 17,4732.17,241.98
2025-10-06,Category 1,Merchant 20,2301.21,144.6
2025-10-06,Category 8,Merchant 5,2373.83,93.88
2025-10-20,Category 1,Merchant 6,1728.77,86.48
2025-10-27,Category 2,Merchant 17,3168.24,149.74
2025-09-08,Category 4,Merchant 19,1148.03,45.15
2025-09-08,Category 4,Merchant 4,2085.16,126.9
2025-10-13,Category 6,Merchant 17,6231.07,282.5
2025-09-15,Category 7,Merchant 13,1103.16,54.44
2025-10-27,Category 10,Merchant 6,3706.97,185.5
2025-11-03,Category 5,Merchant 15,1246.33,55.36
2025-09-29,Category 2,Merchant 10,5062.3,299.66
2025-09-22,Category 4,Merchant 2,3845.73,161.01
2025-10-20,Category 2,Merchant 11,5095.89,264.62
2025-10-20,Category 6,Merchant 6,2298.63,137.9
2025-09-22,Category 3,Merchant 16,3803.63,196.62
2025-10-27,Category 4,Merchant 13,3011.67,159.94
2025-10-06,Category 10,Merchant 5,525.34,55.95
2025-09-29,Category 9,Merchant 13,2048.18,123.59
2025-09-08,Category 1,Merchant 18,1330.18,71.15
2025-09-15,Category 9,Merchant 11,2956.84,205.93
2025-09-15,Category 5,Merchant 20,1309.68,77.48
2025-10-06,Category 3,Merchant 4,3375.3,167.89
2025-09-15,Category 2,Merchant 5,1758.99,113.84
2025-11-03,Category 1,Merchant 18,191.86,10.1
2025-10-06,Category 3,Merchant 2,3677.16,215.94
2025-09-22,Category 3,Merchant 3,5456.8,315.45
2025-09-29,Category 10,Merchant 16,799.46,61.82
2025-10-20,Category 8,Merchant 16,6899.34,402.69
2025-10-27,Category 1,Merchant 15,5976.88,342.44
2025-10-20,Category 5,Merchant 8,4163.67,150.59
2025-10-27,Category 3,Merchant 8,1070.79,36.24
2025-09-22,Category 1,Merchant 19,3232.96,142.77
2025-10-13,Category 5,Merchant 18,6458.05,361.98
2025-10-20,Category 2,Merchant 16,5657.55,276.75
2025-10-13,Category 3,Merchant 11,6067.2,246.89
2025-10-20,Category 7,Merchant 10,7897.3,412.82
2025-10-27,Category 3,Merchant 14,5444.93,322.23
2025-09-08,Category 8,Merchant 18,496.58,49.69
2025-09-15,Category 6,Merchant 15,5188.19,197.42
2025-09-15,Category 1,Merchant 19,3045.47,183.91
2025-09-29,Category 1,Merchant 17,1164.89,76.96
2025-11-03,Category 9,Merchant 5,4806.81,215.02
2025-10-13,Category 1,Merchant 7,3329.87,195.08
2025-11-03,Category 8,Merchant 11,3343.28,129.7
2025-09-08,Category 8,Merchant 4,2908.71,148.87
2025-10-13,Category 3,Merchant 19,4155.35,155.23
2025-10-13,Category 8,Merchant 1,1751.07,88.3
2025-10-20,Category 7,Merchant 18,4156.94,252.46
2025-09-15,Category 4,Merchant 12,6087.46,323.89
2025-10-06,Category 10,Merchant 6,4070.02,183.35
2025-09-08,Category 2,Merchant 2,4047.93,259.8
2025-09-15,Category 10,Merchant 11,1437.08,59.42
2025-10-20,Category 9,Merchant 3,4866.7,345.58
2025-10-20,Category 2,Merchant 18,3309.76,157
2025-09-15,Category 10,Merchant 6,4183.27,287.61
2025-09-15,Category 7,Merchant 16,2206.44,121.85
2025-10-27,Category 7,Merchant 9,4595.12,169.12
2025-10-20,Category 9,Merchant 4,2266.69,124.95
2025-09-22,Category 7,Merchant 8,3499.23,210.76
2025-09-29,Category 6,Merchant 3,1385.82,47.32
2025-09-08,Category 2,Merchant 7,9991.07,509.39
2025-10-06,Category 2,Merchant 2,6929.04,365.25
2025-11-03,Category 5,Merchant 9,2421.49,141.92
2025-10-20,Category 3,Merchant 18,4751.87,228.3
2025-11-03,Category 9,Merchant 1,3114.01,144.86
2025-10-27,Category 1,Merchant 6,1568.03,65.64
2025-09-29,Category 6,Merchant 7,1066.34,43.77
2025-10-13,Category 8,Merchant 10,5490.86,341.74
2025-09-22,Category 7,Merchant 14,4709.53,250.83
2025-10-27,Category 9,Merchant 1,3798.48,216.57
2025-09-15,Category 7,Merchant 1,1810.25,109.89
2025-09-22,Category 5,Merchant 11,2201.59,128.95
2025-09-29,Category 9,Merchant 9,3386.79,130.33
2025-10-13,Category 2,Merchant 20,1481.42,60.04
2025-10-20,Category 10,Merchant 10,2502.49,126.89
2025-09-22,Category 9,Merchant 9,2430.85,121.05
2025-11-03,Category 2,Merchant 7,11040.69,594.04
2025-09-22,Category 4,Merchant 19,2221.38,97.49
2025-09-22,Category 7,Merchant 17,4468.66,167.61
2025-09-08,Category 2,Merchant 16,2156.28,69.22
2025-09-22,Category 3,Merchant 19,5651.22,384.23
2025-10-06,Category 9,Merchant 6,3674.54,142.71
2025-09-22,Category 3,Merchant 14,9587.38,429.52
2025-09-08,Category 3,Merchant 12,2449.48,146.6
2025-11-03,Category 10,Merchant 4,2863.38,179.12
2025-09-22,Category 2,Merchant 11,6864.63,357.5
2025-10-20,Category 7,Merchant 9,4395.25,266.88
2025-09-22,Category 9,Merchant 6,5271.11,362.03
2025-09-22,Category 6,Merchant 4,1168.1,67.82
2025-10-06,Category 3,Merchant 13,3778.15,155.15
2025-10-13,Category 7,Merchant 3,4001.76,234.33
2025-10-20,Category 2,Merchant 10,3059.03,199.48
2025-09-08,Category 7,Merchant 1,1235.72,82.33
2025-11-03,Category 9,Merchant 7,2129.26,91.03
2025-10-13,Category 6,Merchant 14,5714.91,362.13
2025-09-15,Category 1,Merchant 15,6468.43,357.31
2025-11-03,Category 6,Merchant 18,1859.86,71.66
2025-09-08,Category 6,Merchant 7,396.79,25.21
2025-09-22,Category 6,Merchant 18,2137.06,45.39
2025-09-29,Category 1,Merchant 12,1419.4,51.97
2025-10-27,Category 5,Merchant 12,5082.78,287.66
2025-10-27,Category 2,Merchant 6,3174.64,78.26
2025-10-20,Category 6,Merchant 19,11901.17,752.33
2025-11-03,Category 10,Merchant 10,2868.15,181.76
2025-10-13,Category 6,Merchant 11,2919.89,150.96
2025-10-06,Category 9,Merchant 17,4728.62,244.78
2025-10-27,Category 8,Merchant 2,2677.05,98.31
2025-09-08,Category 6,Merchant 16,2100.49,107.68
2025-09-15,Category 8,Merchant 7,2568.98,159.04
2025-09-22,Category 6,Merchant 12,3423.39,206.34
2025-10-13,Category 8,Merchant 19,2859.7,153.05
2025-10-13,Category 7,Merchant 18,5091.48,273.77
2025-09-15,Category 1,Merchant 7,4733.9,277.69
2025-09-29,Category 8,Merchant 8,4134.44,248.17
2025-10-06,Category 9,Merchant 18,5118.73,248.63
2025-10-20,Category 4,Merchant 12,6317.2,340.61
2025-09-22,Category 10,Merchant 18,3216.18,195.27
2025-09-08,Category 5,Merchant 20,1654.71,42.87
2025-10-27,Category 5,Merchant 4,2772.44,140.78
2025-10-27,Category 9,Merchant 7,3762.27,167.57
2025-10-13,Category 5,Merchant 7,2448.41,136.97
2025-09-22,Category 10,Merchant 3,4272.6,233.9
2025-09-15,Category 1,Merchant 14,1222.48,31.54
2025-09-22,Category 6,Merchant 11,5287.15,234.99
2025-10-20,Category 3,Merchant 2,2456.19,108.15
2025-09-08,Category 7,Merchant 4,2703.83,143.74
2025-09-22,Category 7,Merchant 3,6940.75,371.06
2025-09-22,Category 7,Merchant 20,2341.98,112.68
2025-10-06,Category 1,Merchant 15,6219.86,277.89
2025-09-15,Category 7,Merchant 6,3668.52,173.9
2025-09-22,Category 9,Merchant 8,301.17,23.72
2025-09-22,Category 9,Merchant 16,1437.3,89.3
2025-11-03,Category 2,Merchant 10,3123.71,140.85
2025-10-13,Category 1,Merchant 8,3486.32,141.75
2025-10-06,Category 4,Merchant 16,7055.05,381.6
2025-10-27,Category 7,Merchant 20,3289.73,199.05
2025-09-29,Category 2,Merchant 9,4774.35,217.19
2025-09-29,Category 9,Merchant 15,1288.12,90.86
2025-10-20,Category 4,Merchant 8,1561.44,107.3
2025-09-22,Category 4,Merchant 10,1766.04,94.96
2025-09-29,Category 4,Merchant 7,1610.92,48.96
2025-09-29,Category 10,Merchant 18,2111.45,91.88
2025-10-27,Category 9,Merchant 12,8870.51,447.61
2025-11-03,Category 6,Merchant 4,771.47,69.39
2025-09-08,Category 8,Merchant 9,2343.17,168.48
2025-10-13,Category 1,Merchant 20,2283.87,127.38
2025-09-08,Category 7,Merchant 12,4210.39,243.97
2025-09-15,Category 4,Merchant 14,8556.33,427.16
2025-09-29,Category 2,Merchant 12,1338.42,69.48
2025-09-22,Category 7,Merchant 4,5155.61,307.4
2025-10-06,Category 8,Merchant 2,3328.07,187.12
2025-10-06,Category 7,Merchant 14,3569.96,175.88
2025-09-22,Category 10,Merchant 4,3219.08,193.76
2025-10-13,Category 4,Merchant 2,2591.81,115.88
2025-10-27,Category 4,Merchant 5,2858.6,141.73
2025-10-27,Category 7,Merchant 1,532.62,40.59
2025-09-29,Category 7,Merchant 18,5444.9,274.72
2025-10-06,Category 4,Merchant 2,3752.43,111.97
2025-10-13,Category 3,Merchant 4,2314.36,85.55
2025-10-27,Category 1,Merchant 20,1078.78,48.73
2025-11-03,Category 3,Merchant 14,5928.9,342.21
2025-10-06,Category 4,Merchant 7,847.15,48.17
2025-10-13,Category 2,Merchant 9,3788.69,204.8
2025-10-13,Category 5,Merchant 3,2433.93,135.18
2025-09-15,Category 9,Merchant 15,2474.76,115.88
2025-09-29,Category 5,Merchant 16,6364.04,301.47
2025-11-03,Category 3,Merchant 8,923.14,73.51
2025-09-29,Category 7,Merchant 9,3133.21,165.92
2025-10-13,Category 6,Merchant 7,1653.4,97.86
2025-09-15,Category 2,Merchant 12,2430.08,166.73
2025-09-29,Category 8,Merchant 7,2255.93,144.92
2025-09-29,Category 4,Merchant 19,3301.58,177.14
2025-09-08,Category 1,Merchant 7,2842.84,139.41
2025-10-27,Category 5,Merchant 18,4502.31,239.31
2025-10-13,Category 6,Merchant 16,3242.15,151.99
2025-09-15,Category 4,Merchant 18,4709.21,263.3
2025-10-20,Category 5,Merchant 14,9406.93,536.8
2025-10-27,Category 2,Merchant 20,1186.59,36.76
2025-10-27,Category 6,Merchant 5,3784.04,202.93
2025-10-27,Category 10,Merchant 17,921.48,61.65
2025-10-06,Category 7,Merchant 20,3506.24,163.5
2025-10-06,Category 1,Merchant 11,1223.03,88.86
2025-09-08,Category 9,Merchant 10,1048.81,49.36
2025-10-06,Category 10,Merchant 11,2470.8,99.46
2025-11-03,Category 9,Merchant 16,2091.97,92.58
2025-09-22,Category 6,Merchant 14,3453.28,150.64
2025-10-06,Category 8,Merchant 12,3457.63,144.27
2025-10-20,Category 6,Merchant 3,618.4,15.2
2025-10-27,Category 9,Merchant 16,1831.2,125.82
2025-10-06,Category 9,Merchant 12,5841.04,384.09
2025-10-06,Category 2,Merchant 15,2226.74,105.91
2025-10-13,Category 2,Merchant 7,14819.85,824.91
2025-10-06,Category 6,Merchant 4,1989.32,149.02
2025-10-27,Category 5,Merchant 10,5131.91,287.58
2025-09-15,Category 3,Merchant 8,985.39,33.47
2025-10-20,Category 5,Merchant 5,5966.86,313.47
2025-09-08,Category 6,Merchant 5,2365.89,128.13
2025-09-15,Category 6,Merchant 9,3526.94,142
2025-09-15,Category 9,Merchant 9,2725.07,157.23
2025-10-06,Category 1,Merchant 10,967.03,56.54
2025-09-22,Category 10,Merchant 11,2114.57,106.07
2025-10-06,Category 3,Merchant 15,3585.9,166.6
2025-09-22,Category 9,Merchant 19,2743.28,155.85
2025-10-20,Category 7,Merchant 6,3879.68,290.1
2025-10-13,Category 3,Merchant 6,2409.9,117.46
2025-09-15,Category 10,Merchant 16,784.6,56.31
2025-11-03,Category 9,Merchant 4,1667.59,58.18
2025-11-03,Category 1,Merchant 11,927.33,32.33
2025-09-22,Category 3,Merchant 13,3290.5,163.48
2025-10-13,Category 3,Merchant 10,1340.42,103.69
2025-11-03,Category 6,Merchant 14,2997.72,119.45
2025-10-13,Category 9,Merchant 8,1643.64,84.92
2025-11-03,Category 4,Merchant 17,3614.83,211.43
2025-10-13,Category 7,Merchant 1,1150.94,52.35
2025-09-22,Category 3,Merchant 4,3134.29,154.27
2025-10-13,Category 8,Merchant 3,5891.7,343.49
2025-11-03,Category 8,Merchant 3,4739.24,235.3
2025-11-03,Category 4,Merchant 7,447.65,23.55
2025-09-15,Category 8,Merchant 13,6295.97,287.19
2025-10-13,Category 7,Merchant 9,3647.74,131.14
2025-10-27,Category 10,Merchant 12,1701.83,115.77
2025-09-15,Category 2,Merchant 9,4102.69,266.76
2025-09-15,Category 4,Merchant 10,1665.87,111.24
2025-11-03,Category 7,Merchant 13,1173.73,53.82
2025-09-29,Category 8,Merchant 11,4063.42,194.84
2025-11-03,Category 7,Merchant 4,3345.03,156.15
2025-10-06,Category 7,Merchant 10,7074.15,475.53
2025-10-20,Category 8,Merchant 6,3535.81,191.35
2025-09-15,Category 2,Merchant 18,3398.4,194.37
2025-10-06,Category 7,Merchant 12,5007.25,281.02
2025-09-15,Category 10,Merchant 5,1501.28,73.6
2025-10-20,Category 2,Merchant 6,2898.17,148.58
2025-09-22,Category 5,Merchant 15,2786.92,120.54
2025-10-20,Category 2,Merchant 13,4847.71,219.43
2025-09-22,Category 4,Merchant 5,4091.05,286.71
2025-09-15,Category 4,Merchant 2,3983.12,232.21
2025-09-22,Category 2,Merchant 10,3565.93,189.3
2025-11-03,Category 9,Merchant 19,2139.63,112.17
2025-10-20,Category 6,Merchant 14,5222.72,295.42
2025-10-13,Category 2,Merchant 17,985.08,41.2
2025-10-13,Category 4,Merchant 13,2289.27,60.89
2025-09-08,Category 4,Merchant 2,3098.69,142.35
2025-09-29,Category 1,Merchant 15,6149.86,397.06
2025-09-08,Category 6,Merchant 11,2460.49,183.18
2025-11-03,Category 1,Merchant 8,2977.23,139.21
2025-09-15,Category 8,Merchant 1,491.4,25.47
2025-09-29,Category 9,Merchant 20,1813.26,125.47
2025-10-06,Category 9,Merchant 9,3244.94,194.78
2025-09-15,Category 3,Merchant 7,2338.02,111.16
2025-09-29,Category 3,Merchant 14,6309.91,345.32
2025-09-29,Category 9,Merchant 1,3908.85,176.95
2025-09-08,Category 7,Merchant 11,1716.05,71.34
2025-09-15,Category 3,Merchant 16,3806.59,176.2
2025-10-06,Category 10,Merchant 20,3407.62,162.26
2025-10-13,Category 9,Merchant 6,3576.28,159.89
2025-10-13,Category 10,Merchant 13,1811.93,73.95
2025-09-08,Category 1,Merchant 17,483.35,35.41
2025-10-06,Category 2,Merchant 7,13062.41,678.98
2025-09-08,Category 1,Merchant 2,740.66,10.02
2025-11-03,Category 2,Merchant 2,5655.34,281
2025-11-03,Category 7,Merchant 11,2586.14,149.25
2025-11-03,Category 4,Merchant 19,3802.7,137.03
2025-09-08,Category 4,Merchant 16,4545.45,265.88
2025-09-22,Category 3,Merchant 15,4131.08,235.54
2025-09-22,Category 9,Merchant 14,558.27,19.12
2025-10-13,Category 8,Merchant 5,4032.36,237.76
2025-10-27,Category 10,Merchant 19,1432.41,124.43
2025-09-08,Category 4,Merchant 7,1142.53,60.44
2025-10-06,Category 5,Merchant 14,10747.01,519.54
2025-10-27,Category 1,Merchant 3,3858.51,232.82
2025-09-08,Category 10,Merchant 16,525.37,41.41
2025-10-27,Category 9,Merchant 14,1402.22,95.77
2025-11-03,Category 1,Merchant 9,3125.49,164.57
2025-09-29,Category 5,Merchant 18,8100.9,394.55
2025-09-29,Category 2,Merchant 16,2178.39,91.19
2025-10-13,Category 7,Merchant 13,803.13,49.55
2025-11-03,Category 9,Merchant 10,370.8,33.15
2025-11-03,Category 9,Merchant 2,3665.59,227.02
2025-09-15,Category 3,Merchant 5,1851.16,106.82
2025-09-22,Category 6,Merchant 15,5220.33,222.81
2025-09-22,Category 6,Merchant 16,3414.26,147.41
2025-09-08,Category 6,Merchant 18,934.93,57.52
2025-09-22,Category 4,Merchant 11,4910.8,198.81
2025-10-06,Category 1,Merchant 7,3720.85,258.13
2025-09-29,Category 2,Merchant 4,3722.14,168.85
2025-09-29,Category 9,Merchant 5,6677,313.92
2025-10-20,Category 1,Merchant 10,984.43,45.27
2025-09-22,Category 5,Merchant 14,8570.12,472.02
2025-09-29,Category 2,Merchant 20,1556.62,100.53
2025-10-13,Category 8,Merchant 13,3858.81,236.27
2025-09-08,Category 2,Merchant 20,1163.87,64.59
2025-09-08,Category 6,Merchant 3,1065.6,18.47
2025-11-03,Category 9,Merchant 13,2842.96,82.93
2025-09-15,Category 6,Merchant 19,12490.42,619.6
2025-11-03,Category 5,Merchant 8,4681.12,267.59
2025-11-03,Category 8,Merchant 1,539.81,33.43
2025-09-08,Category 4,Merchant 18,5110.47,262.65
2025-09-08,Category 9,Merchant 14,908.08,34.16
2025-10-27,Category 3,Merchant 13,3585.96,198.3
2025-09-22,Category 4,Merchant 17,2331.61,141.84
2025-09-22,Category 8,Merchant 16,7515.88,383.53
2025-10-13,Category 2,Merchant 5,3151.72,149.93
2025-10-27,Category 8,Merchant 3,4937.96,199.17
2025-10-06,Category 10,Merchant 18,3031.85,154.59
2025-09-15,Category 4,Merchant 6,922.81,49.84
2025-10-13,Category 1,Merchant 15,5411.4,242.18
2025-09-22,Category 2,Merchant 3,2234.36,91.07
2025-10-06,Category 2,Merchant 17,2925.01,154.24
2025-09-15,Category 5,Merchant 16,3457.27,179.5
2025-09-08,Category 3,Merchant 8,124.13,13.8
2025-10-06,Category 2,Merchant 20,822.8,46.21
2025-09-08,Category 3,Merchant 9,2207.66,85.8
2025-09-22,Category 4,Merchant 8,1399.07,75.27
2025-09-29,Category 4,Merchant 14,9494.42,516.01
2025-10-20,Category 1,Merchant 11,840.75,29.52
2025-10-06,Category 3,Merchant 17,2368.57,113.2
2025-10-06,Category 6,Merchant 14,7140.78,351.49
2025-10-27,Category 4,Merchant 11,2789.53,167.24
2025-10-20,Category 10,Merchant 11,1330.76,99.91
2025-10-06,Category 7,Merchant 2,3198.39,108.3
2025-09-29,Category 4,Merchant 6,1074.31,48.17
2025-11-03,Category 9,Merchant 18,4643.65,222.66
2025-09-22,Category 10,Merchant 14,2509.09,127.55
2025-10-27,Category 1,Merchant 9,4998.34,238.94
2025-10-20,Category 3,Merchant 8,1382.85,69.01
2025-09-29,Category 10,Merchant 5,1234.54,99.88
2025-09-15,Category 5,Merchant 17,1256.06,64.73
2025-10-27,Category 2,Merchant 15,1583.35,95.46
2025-09-29,Category 1,Merchant 7,2851.62,219.81
2025-11-03,Category 7,Merchant 17,5563.74,295.43
2025-09-29,Category 1,Merchant 5,1635.99,76.99
2025-10-13,Category 8,Merchant 15,567.58,31.27
2025-10-27,Category 6,Merchant 2,4420.68,272.27
2025-09-08,Category 5,Merchant 3,1606.9,52.59
2025-10-20,Category 5,Merchant 16,5887.4,266.38
2025-09-22,Category 9,Merchant 18,4354.4,205.13
2025-10-27,Category 8,Merchant 18,1517.93,37.28
2025-10-06,Category 4,Merchant 10,743.03,43.26
2025-10-20,Category 3,Merchant 6,1320.87,32.3
2025-09-22,Category 9,Merchant 3,3910.15,223.35
2025-10-27,Category 2,Merchant 3,1958.73,117.26
2025-10-20,Category 7,Merchant 19,5160.38,255.83
2025-10-13,Category 9,Merchant 13,3080.42,145.11
2025-09-29,Category 7,Merchant 16,3240.33,147.79
2025-10-13,Category 7,Merchant 2,3306.09,161.74
2025-10-27,Category 3,Merchant 10,1979.57,124.65
2025-10-06,Category 5,Merchant 16,4486.65,243.09
2025-10-20,Category 2,Merchant 12,1464.89,84.14
2025-10-06,Category 9,Merchant 10,1616.58,54.27
2025-10-13,Category 2,Merchant 15,1719.05,74.52
2025-11-03,Category 3,Merchant 18,3024.2,170.7
2025-11-03,Category 8,Merchant 7,2722.93,156.24
2025-10-20,Category 10,Merchant 13,702.97,30.43
2025-11-03,Category 6,Merchant 9,2436.08,144.16
2025-09-15,Category 5,Merchant 10,2816.5,135.99
2025-09-29,Category 6,Merchant 14,7326.73,356.39
2025-09-29,Category 5,Merchant 3,2237.31,93.83
2025-10-27,Category 8,Merchant 17,4050.87,214.04
2025-09-15,Category 5,Merchant 13,4450.66,297.07
2025-10-13,Category 6,Merchant 13,4697.62,254.15
2025-09-22,Category 6,Merchant 9,4726.08,252.35
2025-09-22,Category 9,Merchant 2,4218.28,248.59
2025-11-03,Category 2,Merchant 13,4120.42,183.78
2025-09-15,Category 3,Merchant 19,3366.44,140.4
2025-10-20,Category 2,Merchant 17,2508.73,138.39
2025-10-13,Category 1,Merchant 17,1152.51,60.7
2025-10-13,Category 3,Merchant 2,3055.3,168.9
2025-09-08,Category 9,Merchant 4,2453.7,132.15
2025-09-29,Category 4,Merchant 3,4001.33,193.92
2025-10-27,Category 7,Merchant 18,4303.96,311
2025-09-29,Category 4,Merchant 4,3355.9,159.79
2025-09-08,Category 1,Merchant 10,1268.16,96.74
2025-09-29,Category 8,Merchant 2,3546.8,163.52
2025-10-06,Category 6,Merchant 6,2519.51,136.44
2025-10-06,Category 6,Merchant 2,4597.49,242.92
2025-09-22,Category 5,Merchant 20,358.02,39.79
2025-09-22,Category 1,Merchant 3,3033.75,159.29
2025-11-03,Category 2,Merchant 17,2154.36,134.52
2025-11-03,Category 5,Merchant 5,5211.65,283.58
2025-10-27,Category 2,Merchant 2,6461.25,289.11
2025-09-22,Category 3,Merchant 5,3164.73,158.49
2025-10-13,Category 8,Merchant 2,2597.04,88.73
2025-09-29,Category 8,Merchant 16,6555.66,364.37
2025-10-06,Category 4,Merchant 19,1718.16,111.67
2025-09-29,Category 2,Merchant 15,3267.27,206.16
2025-11-03,Category 1,Merchant 14,2603.8,140.92
2025-10-27,Category 8,Merchant 10,5821.76,329.37
2025-10-27,Category 4,Merchant 15,585.32,28.36
2025-09-22,Category 7,Merchant 19,3880.09,199.54
2025-09-22,Category 5,Merchant 19,10126.79,591.66
2025-10-20,Category 3,Merchant 13,2176.13,102.55
2025-09-29,Category 8,Merchant 6,4106.55,148.29
2025-09-29,Category 7,Merchant 6,3235.09,200.61
2025-09-15,Category 10,Merchant 12,1452.78,103.3
2025-09-15,Category 2,Merchant 10,3804.43,212.93
2025-09-29,Category 4,Merchant 12,7547.01,392.69
2025-09-08,Category 7,Merchant 18,3310.2,167.91
2025-09-29,Category 5,Merchant 11,1086.84,67.15
2025-09-08,Category 3,Merchant 15,3132.59,136.95
2025-09-08,Category 2,Merchant 18,1671.72,85.36
2025-09-22,Category 4,Merchant 7,1740.87,89.57
2025-10-20,Category 4,Merchant 2,5596.77,309.32
2025-09-29,Category 9,Merchant 12,6002.88,411.04
2025-10-13,Category 9,Merchant 9,1273.75,58.85
2025-10-27,Category 4,Merchant 18,4540.15,272.81
2025-09-22,Category 10,Merchant 17,1167.06,80.19
2025-10-27,Category 9,Merchant 19,1754.51,131.3
2025-09-15,Category 3,Merchant 9,2219.56,126.21
2025-10-27,Category 6,Merchant 4,1180.19,41.68
2025-09-15,Category 10,Merchant 13,824.44,38.54
2025-09-22,Category 8,Merchant 10,5235.89,355.69
2025-11-03,Category 10,Merchant 11,745.88,15.34
2025-09-22,Category 9,Merchant 1,4028.24,150.97
2025-10-20,Category 8,Merchant 18,1195.25,78.18
2025-09-15,Category 9,Merchant 13,1966.06,108.58
2025-09-22,Category 4,Merchant 4,2062.77,105.31
2025-10-27,Category 2,Merchant 5,2416.57,136.51
2025-10-13,Category 2,Merchant 16,3760.64,147.87
2025-09-22,Category 6,Merchant 2,4219.54,237.83
2025-10-13,Category 9,Merchant 5,6576.58,375.98
2025-11-03,Category 2,Merchant 16,3197.77,128.66
2025-09-08,Category 7,Merchant 15,2782.18,167
2025-10-20,Category 9,Merchant 15,2986.06,168.25
2025-11-03,Category 4,Merchant 15,809.56,72.04
2025-10-13,Category 10,Merchant 14,1738.56,67.7
2025-10-06,Category 9,Merchant 11,3720.99,182.42
2025-09-29,Category 5,Merchant 14,11189.18,541.6
2025-10-27,Category 4,Merchant 10,1470.5,59.38
2025-10-06,Category 5,Merchant 20,1323.48,118.39
2025-09-08,Category 1,Merchant 5,1496.78,54.49
2025-09-29,Category 3,Merchant 6,3748.68,208.47
2025-10-06,Category 1,Merchant 3,792.15,33.23
2025-10-20,Category 3,Merchant 20,4765.22,281.08
2025-10-20,Category 4,Merchant 6,880.26,33.7
2025-09-29,Category 9,Merchant 10,653.72,37.05
2025-10-27,Category 6,Merchant 19,11621.77,591.57
2025-11-03,Category 10,Merchant 12,1166.96,77.1
2025-10-27,Category 8,Merchant 1,1345.51,70.32
2025-11-03,Category 1,Merchant 17,473.18,26.89
2025-10-20,Category 5,Merchant 3,1814.22,95.17
2025-10-13,Category 10,Merchant 12,2853.5,113.13
2025-09-15,Category 1,Merchant 10,776.17,63.03
2025-11-03,Category 7,Merchant 6,2860.03,167.01
2025-11-03,Category 4,Merchant 13,1072.98,73.08
2025-10-06,Category 5,Merchant 19,11362.31,410.4
2025-10-27,Category 8,Merchant 12,1280.96,69.52
2025-09-22,Category 8,Merchant 12,2532.63,138.08
2025-09-08,Category 1,Merchant 6,1213.15,79.93
2025-11-03,Category 9,Merchant 6,3567,206.01
2025-09-29,Category 10,Merchant 17,1476.61,89.49
2025-10-20,Category 6,Merchant 12,4942.97,271.03
2025-11-03,Category 3,Merchant 17,3502.9,131.02
2025-10-20,Category 1,Merchant 12,1955.97,81.9
2025-09-08,Category 5,Merchant 12,3316.81,164.99
2025-10-27,Category 2,Merchant 10,2860.44,185.09
2025-10-20,Category 2,Merchant 20,1123.72,58.64
2025-10-27,Category 8,Merchant 5,3815.93,216.41
2025-10-06,Category 3,Merchant 9,2822.53,176.56
2025-10-20,Category 9,Merchant 18,4825.25,368.9
2025-09-08,Category 6,Merchant 12,2856.05,145.35
2025-10-13,Category 7,Merchant 14,2795.67,138.88
2025-09-08,Category 5,Merchant 15,2563.58,90.33
2025-10-27,Category 8,Merchant 13,5612.42,329.31
2025-10-06,Category 7,Merchant 15,5330.93,257.61
2025-10-20,Category 6,Merchant 16,3510.73,197.47
2025-09-22,Category 3,Merchant 12,3401.66,204.34
2025-10-06,Category 6,Merchant 19,12090.37,653.56
2025-11-03,Category 9,Merchant 20,605.57,42.12
2025-10-06,Category 7,Merchant 11,3108.69,165.32
2025-11-03,Category 1,Merchant 19,2235.57,112.03
2025-10-20,Category 5,Merchant 2,2329.28,181.74
2025-11-03,Category 5,Merchant 2,951.3,47.86
2025-10-27,Category 5,Merchant 20,1117.28,58.42
2025-09-22,Category 2,Merchant 6,3044,146.81
2025-09-15,Category 7,Merchant 3,3693.32,221.86
2025-09-08,Category 7,Merchant 20,2036.68,60.75
2025-10-06,Category 3,Merchant 12,4511.89,209.23
2025-10-06,Category 1,Merchant 8,2523.25,110.76
2025-10-06,Category 4,Merchant 18,4384.03,224.31
2025-09-15,Category 5,Merchant 4,1758.65,106.24
2025-09-08,Category 2,Merchant 15,1414.12,81.01
2025-09-15,Category 5,Merchant 3,2074.58,78.49
2025-09-08,Category 1,Merchant 3,2030.64,164.7
2025-10-13,Category 1,Merchant 19,2881.5,143.17
2025-10-13,Category 7,Merchant 16,2459.76,151.08
2025-09-15,Category 1,Merchant 12,239.48,13.83
2025-10-20,Category 9,Merchant 16,1839.82,81.05
2025-10-20,Category 2,Merchant 3,2198.99,137.76
2025-11-03,Category 10,Merchant 18,2801.4,151.02
2025-10-27,Category 5,Merchant 19,6775.67,346.95
2025-10-13,Category 3,Merchant 16,2359.84,134.87
2025-09-15,Category 2,Merchant 20,846.15,55.27
2025-09-15,Category 9,Merchant 18,5311.91,249.53
2025-10-20,Category 5,Merchant 11,1032.43,51.78
2025-09-08,Category 9,Merchant 16,2226.2,77.9
2025-10-06,Category 7,Merchant 9,2918.14,180.32
2025-10-20,Category 9,Merchant 11,3108.32,178.77
2025-10-06,Category 7,Merchant 8,5017.63,243.47
2025-09-08,Category 10,Merchant 13,196.3,9.83
2025-10-13,Category 4,Merchant 12,7729.28,495.99
2025-10-20,Category 1,Merchant 20,876.59,32.68
2025-09-29,Category 3,Merchant 20,2365.3,129.24
2025-09-15,Category 5,Merchant 2,2389.92,97.23
2025-09-29,Category 5,Merchant 19,7237.96,451.51
2025-09-29,Category 4,Merchant 8,987.89,64.43
2025-09-15,Category 8,Merchant 12,2728.44,195.01
2025-09-29,Category 10,Merchant 10,2570.48,165.01
2025-11-03,Category 5,Merchant 20,813.56,38.62
2025-10-13,Category 6,Merchant 10,4278.85,235.09
2025-10-13,Category 1,Merchant 13,1612.19,90.52
2025-09-08,Category 10,Merchant 12,1640.34,95.67
2025-10-27,Category 9,Merchant 13,3989.61,214.91
2025-10-27,Category 10,Merchant 20,4142.79,237.91
2025-09-29,Category 3,Merchant 16,3546.07,229.22
2025-11-03,Category 10,Merchant 6,4128.06,279.34
2025-09-22,Category 8,Merchant 15,455.19,45.16
2025-10-13,Category 2,Merchant 12,891.76,35.66
2025-10-06,Category 2,Merchant 18,5083.73,298.65
2025-09-22,Category 7,Merchant 11,3387.05,172.26
2025-10-27,Category 7,Merchant 6,2465.06,179.67
2025-09-29,Category 7,Merchant 15,4748.31,275.64
2025-09-15,Category 3,Merchant 4,4115.63,238.51
2025-09-08,Category 5,Merchant 11,974.38,80.31
2025-10-13,Category 6,Merchant 15,6543.24,339.04
2025-10-27,Category 10,Merchant 13,1421.68,122.57
2025-10-20,Category 3,Merchant 12,4466.55,199.91
2025-10-20,Category 2,Merchant 7,14404.92,699.28
2025-09-08,Category 5,Merchant 14,8668.54,417.2
2025-10-27,Category 1,Merchant 12,1368.67,48.85
2025-10-13,Category 5,Merchant 4,4087.03,191.24
2025-10-13,Category 9,Merchant 16,1748.68,116.36
2025-10-13,Category 5,Merchant 6,2563.62,129.16
2025-11-03,Category 3,Merchant 9,2152.36,140.28
2025-09-22,Category 2,Merchant 4,5816.06,301.35
2025-10-06,Category 10,Merchant 4,3166.36,135.66
2025-09-22,Category 2,Merchant 5,1746.93,83.75
2025-10-20,Category 4,Merchant 3,3180.78,183.78
2025-09-15,Category 5,Merchant 11,1092.93,55.06
2025-10-13,Category 1,Merchant 10,1064.76,96.49
2025-09-08,Category 6,Merchant 17,4068.81,214
2025-10-27,Category 1,Merchant 5,3376.51,194.87
2025-09-15,Category 10,Merchant 17,552.2,27.48
2025-10-27,Category 9,Merchant 5,6782.28,340.97
2025-10-20,Category 3,Merchant 15,3992.49,193.38
2025-10-13,Category 4,Merchant 15,1360.15,85.29
2025-09-08,Category 2,Merchant 17,2330.37,135.18
2025-11-03,Category 6,Merchant 19,7011.31,409.84
2025-10-20,Category 4,Merchant 14,10906.3,571.99
2025-10-06,Category 5,Merchant 15,2196.88,134.66
2025-09-22,Category 10,Merchant 10,2715.94,92.99
2025-09-15,Category 7,Merchant 4,2528.59,158.67
2025-10-13,Category 3,Merchant 18,3966.73,241.96
2025-10-06,Category 3,Merchant 19,5917.74,357.16
2025-10-06,Category 6,Merchant 13,4536.63,245.72
2025-09-22,Category 7,Merchant 13,2376.2,113.14
2025-09-15,Category 3,Merchant 13,3216.65,156.61
2025-10-20,Category 7,Merchant 2,1588.12,75.73
2025-10-13,Category 3,Merchant 8,1271.28,70.03
2025-10-20,Category 7,Merchant 3,3908.87,164.9
2025-09-08,Category 7,Merchant 19,3228.51,183.74
2025-11-03,Category 8,Merchant 6,3227.76,200.24
2025-11-03,Category 3,Merchant 10,1754.93,72.12
2025-10-06,Category 10,Merchant 13,1399.58,76.82
2025-10-20,Category 5,Merchant 7,2022.98,103.42
2025-10-13,Category 1,Merchant 6,762.99,30.99
2025-10-20,Category 5,Merchant 10,3264.38,168.17
2025-10-20,Category 10,Merchant 16,776.52,63.29
2025-09-15,Category 8,Merchant 18,1478.94,76.42
2025-09-22,Category 6,Merchant 7,1665.5,90.95
2025-10-27,Category 1,Merchant 14,455.54,34.05
2025-11-03,Category 10,Merchant 3,4232.03,235.71
2025-10-20,Category 4,Merchant 7,971.73,48.55
2025-11-03,Category 9,Merchant 17,2845.82,163.09
2025-11-03,Category 6,Merchant 16,2977.05,130.56
2025-10-13,Category 10,Merchant 6,3960.2,249.27
2025-10-13,Category 7,Merchant 4,2386.13,101.17
2025-10-13,Category 1,Merchant 12,1254.98,59.34
2025-10-27,Category 4,Merchant 7,1855.23,141.42
2025-10-06,Category 2,Merchant 8,2156.41,106.77
2025-10-06,Category 5,Merchant 12,5820.26,288.56
2025-10-06,Category 5,Merchant 17,1698.8,65.38
2025-09-29,Category 6,Merchant 9,3153.59,148.61
2025-10-06,Category 8,Merchant 7,3477.45,205.28
2025-09-22,Category 6,Merchant 13,3517.27,186.32
2025-10-13,Category 9,Merchant 3,5625.95,260.94
2025-10-27,Category 5,Merchant 6,2202.22,107.49
2025-09-15,Category 4,Merchant 5,2323.64,119.39
2025-10-27,Category 8,Merchant 8,3319.88,142.72
2025-09-08,Category 4,Merchant 6,692.36,21.94
2025-09-15,Category 7,Merchant 15,3167.74,156.04
2025-09-15,Category 8,Merchant 19,4745.66,221.45
2025-09-29,Category 1,Merchant 9,5580.28,291.38
2025-10-06,Category 3,Merchant 18,4052.58,248.51
2025-11-03,Category 5,Merchant 19,7171.59,470.79
2025-09-08,Category 9,Merchant 13,4625.57,302.64
2025-09-08,Category 5,Merchant 13,2738.44,193.69
2025-09-08,Category 9,Merchant 6,4856.2,207.32
2025-09-22,Category 8,Merchant 2,4544.87,236.92
2025-09-15,Category 2,Merchant 13,5987.18,398.29
2025-10-06,Category 8,Merchant 10,3752.68,162.95
2025-09-29,Category 5,Merchant 7,3328.28,246.27
2025-09-29,Category 2,Merchant 6,2807.86,187.77
2025-09-29,Category 7,Merchant 13,597.02,14.46
2025-11-03,Category 4,Merchant 6,1108.57,80.06
2025-10-13,Category 2,Merchant 11,3314.42,177.2
2025-10-13,Category 1,Merchant 5,1798.49,86.35
2025-10-20,Category 8,Merchant 15,1880.74,44.53
2025-10-06,Category 8,Merchant 4,3079.15,186.79
2025-10-27,Category 7,Merchant 10,7221.76,354.11
2025-09-15,Category 8,Merchant 16,5656.35,266.96
2025-09-22,Category 6,Merchant 10,2987.92,165.2
2025-10-06,Category 6,Merchant 16,4266.69,189.14
2025-10-20,Category 2,Merchant 9,2692.6,175.97
2025-10-27,Category 5,Merchant 15,2938.45,152.42
2025-10-27,Category 9,Merchant 15,1212.62,59.28
2025-09-15,Category 5,Merchant 5,5466.4,335.11
2025-09-29,Category 4,Merchant 10,752.17,26.31
2025-09-22,Category 7,Merchant 12,6794.36,368.48
2025-10-27,Category 10,Merchant 10,1868.78,108.64
2025-09-29,Category 8,Merchant 19,3951.23,230.88
2025-10-20,Category 1,Merchant 14,1461.19,68.61
2025-10-27,Category 1,Merchant 1,495.18,27.12
2025-10-20,Category 8,Merchant 13,4739.01,226.47
2025-11-03,Category 8,Merchant 16,6335.22,294.48
2025-10-20,Category 4,Merchant 16,5128.43,241.66
2025-10-20,Category 1,Merchant 19,2990.07,152.15
2025-11-03,Category 10,Merchant 5,1022.47,35.74
2025-09-29,Category 10,Merchant 6,3824.95,152.71
2025-09-22,Category 2,Merchant 18,4779.41,210.34
2025-09-22,Category 7,Merchant 10,6172.82,326.14
2025-09-08,Category 2,Merchant 4,3183.41,191.32
2025-10-20,Category 5,Merchant 20,1405.16,95.78
2025-11-03,Category 6,Merchant 6,1880.36,158.31
2025-09-08,Category 6,Merchant 9,3223.88,197.02
2025-09-22,Category 10,Merchant 12,3441.09,215.04
2025-11-03,Category 6,Merchant 3,987.82,66.2
2025-10-20,Category 8,Merchant 19,2947.48,178.31
2025-11-03,Category 10,Merchant 20,2904.88,126.51
2025-10-27,Category 3,Merchant 5,787.95,49.45
2025-10-20,Category 10,Merchant 3,4884.56,252.56
2025-09-29,Category 8,Merchant 18,1831.92,101.29
2025-10-20,Category 1,Merchant 8,3521.77,159.2
2025-09-15,Category 2,Merchant 3,2724.55,128.68
2025-09-08,Category 9,Merchant 5,4391.92,213.82
2025-09-29,Category 6,Merchant 18,1131.82,48.34
2025-09-22,Category 8,Merchant 6,2556.38,130.64
2025-09-08,Category 5,Merchant 19,5837.41,291.69
2025-10-13,Category 1,Merchant 18,1153.07,94.44
2025-09-22,Category 6,Merchant 17,7198.05,339.49
2025-09-29,Category 9,Merchant 7,3587.7,233
2025-10-27,Category 1,Merchant 18,422.93,12.9
2025-10-20,Category 5,Merchant 13,2879.69,202.45
2025-09-29,Category 8,Merchant 12,2326.34,91.22
2025-09-22,Category 2,Merchant 13,4523.69,247.59
2025-09-29,Category 2,Merchant 13,4795.55,230.19
2025-10-06,Category 3,Merchant 10,640.2,56.33
2025-09-15,Category 6,Merchant 13,3808.67,171.89
2025-09-08,Category 8,Merchant 6,1667.7,93.62
2025-09-22,Category 5,Merchant 3,2994.13,141.92
2025-09-08,Category 4,Merchant 8,1347.24,74.95
2025-11-03,Category 3,Merchant 7,1961.15,133.9
2025-10-20,Category 5,Merchant 12,5361.76,285.73
2025-09-08,Category 4,Merchant 10,973.71,67.08
2025-11-03,Category 4,Merchant 3,2606.69,110.52
2025-09-15,Category 8,Merchant 3,3076.92,162.97
2025-09-22,Category 1,Merchant 10,953.03,56.87
2025-09-08,Category 9,Merchant 15,1277.28,74.9
2025-09-15,Category 6,Merchant 5,5062.44,279.67
2025-10-13,Category 3,Merchant 14,8155.62,462.97
2025-10-13,Category 4,Merchant 7,1668.31,90.61
2025-09-22,Category 1,Merchant 11,1639.88,115.73
2025-09-08,Category 5,Merchant 9,2192.05,105.39
2025-09-08,Category 3,Merchant 10,155.83,9.63
2025-10-27,Category 6,Merchant 9,3027.06,159.62
2025-11-03,Category 8,Merchant 12,1808.69,109.33
2025-09-22,Category 2,Merchant 12,1537.91,123.92
2025-10-20,Category 4,Merchant 19,2156.69,93.69
2025-10-13,Category 6,Merchant 5,2971.21,115.82
2025-09-29,Category 5,Merchant 17,527.31,30.81
2025-09-08,Category 5,Merchant 7,1403.16,80.76
2025-09-08,Category 2,Merchant 12,531.7,32.81
2025-09-29,Category 3,Merchant 9,1976.99,114.16
2025-09-15,Category 2,Merchant 8,1956.58,107.66
2025-11-03,Category 3,Merchant 20,1643.08,73.44
2025-09-15,Category 5,Merchant 14,9441.38,597.3
2025-09-08,Category 7,Merchant 13,899.19,50.52
2025-11-03,Category 10,Merchant 19,2724.37,186.37
2025-09-22,Category 2,Merchant 8,2373.37,172.27
2025-09-29,Category 5,Merchant 5,5929.24,363.94
2025-09-08,Category 8,Merchant 17,4464.46,205.64
2025-11-03,Category 3,Merchant 13,3033.48,138.83
2025-11-03,Category 8,Merchant 4,3203.98,150.52
2025-10-06,Category 7,Merchant 17,5636.47,294.57
2025-11-03,Category 6,Merchant 11,3512.53,180.24
2025-10-13,Category 6,Merchant 2,4418.89,267.57
2025-09-29,Category 7,Merchant 4,4094.39,271.28
2025-09-29,Category 2,Merchant 8,2131.9,79.48
2025-10-20,Category 1,Merchant 13,2017.61,115.65
2025-10-13,Category 3,Merchant 5,2225.08,106.69
2025-09-22,Category 4,Merchant 3,4968.55,256.63
2025-10-13,Category 10,Merchant 8,1510.53,86.51
2025-10-06,Category 9,Merchant 13,3075.12,163.7
2025-11-03,Category 1,Merchant 12,1147.42,64.95
2025-10-27,Category 4,Merchant 17,4192.56,191.38
2025-09-22,Category 8,Merchant 1,614.47,24.6
2025-10-06,Category 6,Merchant 15,4407.71,278.12
2025-09-08,Category 2,Merchant 5,1531.12,75.41
2025-10-13,Category 8,Merchant 16,4568.5,245.09
2025-10-27,Category 9,Merchant 10,793.45,52.1
2025-11-03,Category 2,Merchant 20,650.45,22.17
2025-09-22,Category 5,Merchant 10,4204.64,214.25
2025-10-27,Category 10,Merchant 4,4169.66,205.39
2025-11-03,Category 4,Merchant 5,1661.88,70.52
2025-10-13,Category 10,Merchant 19,2640.57,140.87
2025-09-22,Category 4,Merchant 13,2302.09,118.36
2025-10-06,Category 3,Merchant 3,7679.16,259.89
2025-09-29,Category 5,Merchant 13,3785.13,130.36
2025-10-13,Category 10,Merchant 3,5886.33,327.58
2025-10-20,Category 5,Merchant 9,2868.51,211.6
2025-09-22,Category 1,Merchant 14,1020.29,25.51
2025-09-15,Category 3,Merchant 2,3629.41,133.54
2025-09-22,Category 9,Merchant 15,2517.19,171.81
2025-09-08,Category 8,Merchant 8,2834.03,162.89
2025-09-15,Category 3,Merchant 17,3605.99,230.89
2025-10-20,Category 3,Merchant 10,564.5,34.99
2025-10-27,Category 3,Merchant 4,2440.42,153.21
2025-09-29,Category 3,Merchant 8,712.29,26.82
2025-10-27,Category 8,Merchant 6,2080.99,106.64
2025-11-03,Category 6,Merchant 13,5557.63,216.28
2025-09-29,Category 10,Merchant 12,3873.51,235.95
2025-09-08,Category 3,Merchant 11,2261.4,163.41
2025-10-20,Category 1,Merchant 7,2579.42,148.18
2025-09-22,Category 7,Merchant 15,4684.14,268.82
2025-09-29,Category 3,Merchant 12,3229.71,205.28
2025-09-15,Category 2,Merchant 7,13237,704.93
2025-09-22,Category 8,Merchant 8,1693.75,93.87
2025-09-15,Category 6,Merchant 7,1140.17,50.49
2025-10-20,Category 3,Merchant 7,3362.42,137.86
2025-11-03,Category 1,Merchant 1,911.82,47.11
2025-09-22,Category 8,Merchant 7,1963.5,147.47
2025-09-08,Category 9,Merchant 12,8175.76,389.88
2025-10-20,Category 4,Merchant 11,1768.69,97.68
2025-10-20,Category 7,Merchant 1,924.61,32.62
2025-11-03,Category 1,Merchant 10,1165.65,39.04
2025-10-06,Category 9,Merchant 7,2017.07,74.09
2025-10-06,Category 4,Merchant 4,2272.67,103.68
2025-09-08,Category 2,Merchant 8,2179.56,121.66
2025-09-15,Category 9,Merchant 8,1849.69,56.63
2025-09-29,Category 1,Merchant 13,1399.18,96.6
2025-10-27,Category 1,Merchant 7,3822.69,211.66
2025-10-27,Category 9,Merchant 17,5033.7,274.56
2025-11-03,Category 7,Merchant 3,3511.14,162.57
2025-09-29,Category 9,Merchant 6,4615.3,220.59
2025-10-13,Category 9,Merchant 1,3187.47,182.65
2025-10-20,Category 9,Merchant 19,3831.34,175.51
2025-10-27,Category 8,Merchant 15,557.79,44.39
2025-09-08,Category 3,Merchant 2,2624.81,146.09
2025-09-08,Category 10,Merchant 18,1902.74,98.14
2025-09-15,Category 6,Merchant 4,1566.34,123.44
2025-10-20,Category 3,Merchant 5,4088.35,214.51
2025-09-29,Category 3,Merchant 13,2415.11,161.2
2025-10-20,Category 9,Merchant 1,3740.1,194.58
2025-10-20,Category 5,Merchant 4,4017.2,160.41
2025-09-22,Category 3,Merchant 8,797.55,25.52
2025-09-22,Category 8,Merchant 19,3716.17,221.05
2025-09-08,Category 1,Merchant 11,566.22,19.92
2025-10-13,Category 4,Merchant 5,2189.05,109.54
2025-09-29,Category 4,Merchant 17,3181.37,153.06
2025-10-13,Category 6,Merchant 19,9815.03,470.23
2025-09-29,Category 9,Merchant 19,2457.74,109.94
2025-10-13,Category 3,Merchant 7,1505.03,74.36
2025-09-29,Category 2,Merchant 2,4856.73,220.92
2025-10-13,Category 5,Merchant 5,4682.28,236.03
2025-10-06,Category 5,Merchant 2,1730.57,69.8
2025-10-20,Category 3,Merchant 14,7000.21,390.71
2025-09-29,Category 9,Merchant 17,4165.18,229.96
2025-10-13,Category 1,Merchant 14,1283.12,47.29
2025-11-03,Category 4,Merchant 12,6761.97,413.36
2025-10-13,Category 8,Merchant 4,2665.01,188.31
2025-10-06,Category 2,Merchant 4,2453.6,109.74
2025-10-27,Category 1,Merchant 19,1877.34,111.85
2025-09-08,Category 8,Merchant 13,2410.61,161.22
2025-09-08,Category 5,Merchant 4,2301.98,127.36
2025-10-20,Category 10,Merchant 14,1698.51,76.89
2025-10-13,Category 9,Merchant 7,2049.42,101.31
2025-10-20,Category 3,Merchant 17,3952.2,182.14
2025-10-06,Category 8,Merchant 9,3509.9,197.07
2025-10-20,Category 8,Merchant 5,3389.84,159.42
2025-10-20,Category 10,Merchant 17,1592.57,71.4
2025-10-20,Category 10,Merchant 6,2959.72,175.77
2025-10-20,Category 9,Merchant 10,1474.89,81.67
2025-09-08,Category 3,Merchant 5,1537.81,87.45
2025-09-08,Category 10,Merchant 17,568.44,31.58
2025-09-08,Category 7,Merchant 10,4311.53,285.26
2025-10-06,Category 7,Merchant 18,6945.47,357.59
2025-09-15,Category 7,Merchant 20,2856.28,171.9
2025-09-29,Category 4,Merchant 2,5525.44,261.2
2025-11-03,Category 9,Merchant 8,599.73,49.37
2025-10-13,Category 9,Merchant 19,1677.52,91.23
2025-11-03,Category 8,Merchant 15,1380.6,18
2025-09-22,Category 4,Merchant 16,6513.36,306.55
2025-10-13,Category 2,Merchant 8,2415.75,146.45
2025-09-29,Category 10,Merchant 11,1294.07,63.8
2025-09-08,Category 9,Merchant 7,3930.15,219.45
2025-09-29,Category 2,Merchant 18,2465.05,167.48
2025-09-08,Category 2,Merchant 6,2436.15,162.12
2025-11-03,Category 7,Merchant 20,1768.81,82.32
2025-09-22,Category 7,Merchant 16,2143.9,116.31
2025-09-08,Category 4,Merchant 5,1198.5,74.79
2025-09-08,Category 9,Merchant 19,2000.27,135.79
2025-10-06,Category 6,Merchant 12,5609.53,311.78
2025-09-15,Category 4,Merchant 15,1912.3,134.66
2025-09-15,Category 9,Merchant 6,3560.8,186.34
2025-09-29,Category 6,Merchant 13,3775.34,183.78
2025-09-22,Category 1,Merchant 13,933.18,61.36
2025-09-08,Category 8,Merchant 16,3578.39,182.49
2025-10-20,Category 5,Merchant 19,8498.51,475.96
2025-10-13,Category 5,Merchant 8,4784.06,224.42
2025-10-27,Category 6,Merchant 6,3028.57,143.05
2025-10-20,Category 3,Merchant 16,3682.07,234.02
2025-09-08,Category 4,Merchant 12,7316.98,429.72
2025-11-03,Category 5,Merchant 17,1502.48,53.8
2025-10-06,Category 10,Merchant 17,1362.3,39.66
2025-10-13,Category 9,Merchant 18,5896.22,356.93
2025-10-27,Category 3,Merchant 17,2608.36,111.45
2025-10-27,Category 6,Merchant 12,5347.29,271
2025-09-08,Category 4,Merchant 3,2074.71,131.47
2025-09-22,Category 2,Merchant 7,16130.39,794.28
2025-09-15,Category 2,Merchant 11,5664.83,331.92
2025-10-13,Category 9,Merchant 15,2625.81,122.44
2025-10-20,Category 7,Merchant 16,1710.05,101.69
2025-10-20,Category 5,Merchant 17,2641.48,137.4
2025-09-22,Category 8,Merchant 4,4919.5,280.9
2025-10-13,Category 6,Merchant 9,3617.5,137.19
2025-10-13,Category 6,Merchant 12,7751.85,412.15
2025-10-20,Category 1,Merchant 9,3592.88,246.89
2025-10-06,Category 9,Merchant 8,1757,85.13
2025-10-06,Category 8,Merchant 3,4019.51,212.83
2025-10-20,Category 9,Merchant 6,4519.71,217.48
2025-09-22,Category 5,Merchant 13,3797.14,258.96
2025-10-27,Category 3,Merchant 9,4267.06,104.54
2025-09-08,Category 3,Merchant 6,1163.61,37.72
2025-09-08,Category 7,Merchant 14,4547.64,269.29
2025-10-06,Category 10,Merchant 14,2297.43,153.16
2025-10-20,Category 6,Merchant 10,3821.45,209.48
2025-11-03,Category 5,Merchant 12,3261.34,200.96
2025-09-08,Category 10,Merchant 19,1755.5,106.36
2025-09-15,Category 1,Merchant 9,3519.73,202.52
2025-10-13,Category 9,Merchant 17,3345.56,224.61
2025-10-13,Category 5,Merchant 9,1139.78,60.08
2025-10-27,Category 3,Merchant 6,2586.44,144.62
2025-10-13,Category 10,Merchant 5,1515.96,85.34
2025-10-27,Category 5,Merchant 14,10907.81,642.85
2025-09-22,Category 7,Merchant 18,4530.98,239.51
2025-11-03,Category 5,Merchant 10,3111.37,134.7
2025-11-03,Category 5,Merchant 18,6419.41,357.79
2025-10-13,Category 3,Merchant 20,3567.28,187.26
2025-09-29,Category 3,Merchant 19,6083.72,318.05
2025-09-08,Category 9,Merchant 1,2377.72,105.53
2025-10-20,Category 10,Merchant 20,3936.66,241.84
2025-10-27,Category 6,Merchant 15,4558.38,305.71
2025-09-22,Category 6,Merchant 19,10208.03,574.7
2025-10-13,Category 9,Merchant 20,616.86,27.77
2025-10-13,Category 9,Merchant 11,4914.12,309.96
2025-10-27,Category 1,Merchant 10,1467.84,42.56
2025-09-29,Category 3,Merchant 11,5178.41,278.82
2025-09-22,Category 4,Merchant 18,5012.63,267.07
2025-09-22,Category 5,Merchant 16,5993.86,376.13
2025-10-06,Category 7,Merchant 19,5209.03,200.18
2025-09-22,Category 2,Merchant 16,5141.37,290.97
2025-09-22,Category 10,Merchant 20,3281.67,196.99
2025-11-03,Category 2,Merchant 3,1386.87,77.79
2025-10-06,Category 9,Merchant 3,5119.08,295.54
2025-09-08,Category 1,Merchant 15,5749.1,239.71
2025-09-29,Category 1,Merchant 2,2637.6,104.1
2025-09-29,Category 9,Merchant 14,1176.01,64.56
2025-10-13,Category 5,Merchant 14,12348.59,478.44
2025-09-15,Category 9,Merchant 19,2670.21,162.04
2025-09-29,Category 5,Merchant 9,3346.61,154.49
2025-09-22,Category 4,Merchant 12,7601.18,375.96
2025-11-03,Category 9,Merchant 9,2322.81,97.93
2025-10-27,Category 6,Merchant 14,4979.37,251
2025-09-08,Category 7,Merchant 2,1568.76,83.59
2025-09-08,Category 10,Merchant 5,777.82,64.23
2025-10-13,Category 4,Merchant 8,1114.08,91.75
2025-09-15,Category 9,Merchant 12,7435.01,432.93
2025-09-08,Category 1,Merchant 8,1565.65,98.19
2025-10-06,Category 1,Merchant 6,837.2,52.77
2025-10-27,Category 7,Merchant 16,1379.27,61.46
2025-09-08,Category 1,Merchant 9,3740.81,178.47
2025-09-29,Category 10,Merchant 19,2740.14,159.88
2025-10-06,Category 1,Merchant 13,542.54,30.03
2025-09-15,Category 5,Merchant 18,8950.71,537.4
2025-09-08,Category 7,Merchant 16,2015.48,73.92
2025-11-03,Category 9,Merchant 12,6050.04,319.16
2025-11-03,Category 8,Merchant 19,1807.57,140.09
2025-09-08,Category 3,Merchant 19,3966.34,192.21
2025-09-15,Category 9,Merchant 17,4105.12,220.1
2025-10-06,Category 3,Merchant 6,1716.89,95.09
2025-09-15,Category 1,Merchant 6,966.44,43.23
2025-09-29,Category 7,Merchant 1,803.29,20.95
2025-09-15,Category 7,Merchant 10,7547.99,449.6
2025-10-06,Category 1,Merchant 12,578.27,22.29
2025-09-08,Category 1,Merchant 20,1078.61,68.7
2025-10-20,Category 10,Merchant 8,1886.39,91.04
2025-11-03,Category 4,Merchant 14,5941.87,274.89
2025-09-15,Category 5,Merchant 8,3818.02,192.54
2025-09-15,Category 1,Merchant 3,2617.22,104.36
2025-09-29,Category 10,Merchant 8,1430.29,49.34
2025-10-27,Category 6,Merchant 10,4738.13,204.12
2025-09-15,Category 1,Merchant 20,693.94,34.17
2025-09-22,Category 1,Merchant 2,1852.97,95.24
2025-09-29,Category 1,Merchant 11,1422.12,99.09
2025-10-06,Category 5,Merchant 3,3280.15,145.41
2025-10-06,Category 4,Merchant 11,3656.26,189.11
2025-10-06,Category 2,Merchant 5,1799.19,114.33
2025-09-15,Category 10,Merchant 10,2694.37,134.85
2025-10-27,Category 4,Merchant 12,6112.19,339.14
2025-10-06,Category 7,Merchant 1,582.37,31.98
2025-11-03,Category 10,Merchant 8,695.11,45.12
2025-09-15,Category 3,Merchant 15,3602.18,172.71
2025-10-20,Category 10,Merchant 12,1443.64,96.56
2025-10-13,Category 5,Merchant 17,1493.73,93.35
2025-10-13,Category 4,Merchant 17,3793.32,228.04
2025-09-08,Category 8,Merchant 19,2968.25,193.69
2025-09-15,Category 5,Merchant 7,2212.31,129.39
2025-10-20,Category 6,Merchant 5,4443.4,235.2
2025-10-20,Category 8,Merchant 1,580.69,38.91
2025-09-29,Category 5,Merchant 12,4654.63,244.61
2025-10-06,Category 2,Merchant 6,5160.44,230.35
2025-09-29,Category 5,Merchant 20,859.53,30.62
2025-10-20,Category 7,Merchant 12,7042.88,382.46
2025-09-08,Category 10,Merchant 10,2428.66,95.58
2025-11-03,Category 7,Merchant 19,4407.95,239.79
2025-10-20,Category 2,Merchant 5,2260.7,152.83
2025-10-20,Category 9,Merchant 2,4798.6,273.06
2025-09-15,Category 10,Merchant 19,1865.54,84.71
2025-09-15,Category 6,Merchant 11,3908.37,234.33
2025-10-06,Category 9,Merchant 19,3496.28,191.84
2025-09-08,Category 4,Merchant 15,1092.59,65.55
2025-10-13,Category 8,Merchant 6,1443.29,76.56
2025-09-15,Category 8,Merchant 17,4347.23,206.24
2025-09-22,Category 9,Merchant 13,4877.75,174.97
2025-10-13,Category 1,Merchant 11,556.62,52.95
2025-11-03,Category 10,Merchant 14,1842.26,100.85
2025-11-03,Category 3,Merchant 5,1752.12,57.38
2025-09-08,Category 8,Merchant 15,1191.7,86.44
2025-09-29,Category 9,Merchant 8,1071.02,54.69
2025-11-03,Category 3,Merchant 3,5059.35,300.51
2025-10-20,Category 4,Merchant 17,3317.14,142.82
2025-11-03,Category 2,Merchant 9,3811.34,212.8
2025-11-03,Category 7,Merchant 18,4370.86,223.03
2025-09-15,Category 8,Merchant 11,2684.37,153.42
2025-10-27,Category 5,Merchant 8,3049.27,144.59
2025-09-22,Category 9,Merchant 12,8450.22,471.27
2025-10-06,Category 9,Merchant 20,1428.28,61.34
2025-10-20,Category 7,Merchant 4,4056.38,187.23
2025-10-06,Category 9,Merchant 5,7065.09,322.22
2025-10-20,Category 4,Merchant 18,3553.31,231.27
2025-10-13,Category 2,Merchant 4,3061.77,171.21
2025-11-03,Category 5,Merchant 16,3351.42,216.7
2025-09-22,Category 8,Merchant 17,4826.7,254.25
2025-10-13,Category 8,Merchant 7,2483.52,197.59
2025-10-20,Category 5,Merchant 6,2635.33,131.03
2025-09-29,Category 8,Merchant 3,5020.77,239.59
2025-10-27,Category 1,Merchant 13,1185.2,49.44
2025-09-15,Category 4,Merchant 19,2014.77,111.4
2025-10-06,Category 4,Merchant 17,3927.43,171.74
2025-10-27,Category 10,Merchant 11,1493.82,106.82
2025-11-03,Category 3,Merchant 15,3187.88,221.86
2025-10-20,Category 7,Merchant 15,4013.49,198.2
2025-10-06,Category 7,Merchant 6,3842.57,229.45
2025-10-20,Category 6,Merchant 4,834.91,28.92
2025-09-22,Category 9,Merchant 17,3947.12,223.45
2025-09-15,Category 9,Merchant 5,6022.23,375.44
2025-11-03,Category 5,Merchant 4,740.43,50.34
2025-09-08,Category 10,Merchant 3,3386.82,176.44
2025-10-27,Category 5,Merchant 5,7823.07,462.62
2025-09-22,Category 2,Merchant 9,4648.69,185.94
2025-09-29,Category 8,Merchant 13,4853.77,248.85
2025-11-03,Category 1,Merchant 2,1518.77,77.53
2025-09-15,Category 3,Merchant 10,1479.09,40.28
2025-10-20,Category 3,Merchant 3,9583.66,575.69
2025-11-03,Category 4,Merchant 2,3131.51,178.59
2025-11-03,Category 7,Merchant 14,2729.93,149.34
2025-09-29,Category 4,Merchant 13,2453.14,142.09
2025-10-20,Category 6,Merchant 15,5448.79,192.56
2025-09-29,Category 2,Merchant 17,3952.29,201.71
2025-10-20,Category 3,Merchant 11,3895.3,266.25
2025-11-03,Category 4,Merchant 10,1130.77,24.3
2025-10-06,Category 5,Merchant 18,5461.52,227.92
2025-10-06,Category 4,Merchant 14,9937.74,594.19
2025-10-13,Category 5,Merchant 10,4374.17,191.5
2025-10-20,Category 5,Merchant 15,1393.09,113.27
2025-10-27,Category 7,Merchant 3,6389.93,313.15
2025-10-06,Category 4,Merchant 8,871.41,54.28
2025-10-20,Category 7,Merchant 17,4467.95,226.97
2025-11-03,Category 6,Merchant 5,2342.18,129.69
2025-10-13,Category 7,Merchant 6,3295.88,159.75
2025-10-13,Category 5,Merchant 20,737.31,33.53
2025-10-06,Category 6,Merchant 10,2780.44,124.56
2025-10-27,Category 5,Merchant 17,1784.54,97.45
2025-09-15,Category 10,Merchant 8,985.33,42.94
2025-11-03,Category 5,Merchant 3,2040.77,89.69
2025-09-08,Category 5,Merchant 18,5226.85,257.19
2025-10-27,Category 2,Merchant 13,5446.59,309.84
2025-10-20,Category 4,Merchant 5,3042.59,169.3
2025-09-15,Category 2,Merchant 6,4369.81,260.61
2025-09-29,Category 6,Merchant 12,6087.68,282.21
2025-09-15,Category 6,Merchant 17,4904.42,316.38
2025-10-06,Category 3,Merchant 5,2284.9,100.97
2025-10-20,Category 9,Merchant 12,7264.32,406.46
2025-09-15,Category 4,Merchant 7,322.57,16.98
2025-09-08,Category 2,Merchant 3,1177.51,75.17
2025-09-29,Category 5,Merchant 4,3595.39,172.84
2025-09-15,Category 10,Merchant 14,1869.59,117.92
2025-10-20,Category 6,Merchant 13,5621.81,279.28
2025-09-15,Category 2,Merchant 17,3019.64,128.1
2025-10-13,Category 10,Merchant 18,2402.78,143.46
2025-10-13,Category 9,Merchant 12,8516.96,382.03
2025-09-15,Category 4,Merchant 13,2208.6,128.28
2025-09-08,Category 4,Merchant 11,3123.31,133.86
2025-10-06,Category 2,Merchant 10,3899.26,243.94
2025-11-03,Category 4,Merchant 8,547.08,28.81
2025-10-06,Category 8,Merchant 17,6079.16,286.68
2025-10-27,Category 10,Merchant 18,2279.85,108.6
2025-09-22,Category 5,Merchant 5,5280.48,359.56
2025-09-15,Category 7,Merchant 12,6663.8,314.39
2025-10-13,Category 4,Merchant 19,1711.74,54.69
2025-09-15,Category 8,Merchant 9,3533.01,151.63
2025-09-15,Category 9,Merchant 4,1317.17,69.69
2025-10-27,Category 3,Merchant 7,1747.89,61.2
2025-10-27,Category 2,Merchant 7,13968.01,784.93
2025-10-20,Category 8,Merchant 7,2322.38,100.68
2025-09-15,Category 4,Merchant 16,6897.27,445.47
2025-10-13,Category 10,Merchant 16,692.77,47.15
2025-10-13,Category 5,Merchant 15,3581.15,205.26
2025-10-20,Category 7,Merchant 8,2877.67,179.05
2025-11-03,Category 4,Merchant 16,4806.89,240.99
2025-09-29,Category 7,Merchant 17,5583.81,397.87
2025-10-27,Category 7,Merchant 4,2693.78,156.34
2025-09-08,Category 10,Merchant 8,1374.64,99.6
2025-09-22,Category 9,Merchant 5,8651.81,410.07
2025-09-29,Category 3,Merchant 10,1588.48,96.09
2025-10-06,Category 4,Merchant 5,2116.27,96.35
2025-10-13,Category 8,Merchant 11,4557.01,238.61
2025-09-22,Category 3,Merchant 9,3324.3,167.01
2025-09-22,Category 10,Merchant 8,713.36,34.55
2025-09-22,Category 2,Merchant 15,2131.85,107.05
2025-09-15,Category 4,Merchant 11,3527.6,173.82
2025-09-15,Category 1,Merchant 8,4132.83,217.89
2025-09-15,Category 1,Merchant 17,785.63,34.16
2025-10-06,Category 6,Merchant 17,5806.41,280.55
2025-09-08,Category 3,Merchant 7,1684.34,65.16
2025-11-03,Category 8,Merchant 17,3712.13,194.91
2025-10-27,Category 4,Merchant 4,3940.14,207.29
2025-09-15,Category 6,Merchant 18,3784.99,183.03
2025-10-27,Category 4,Merchant 16,6300.09,354.67
2025-09-15,Category 8,Merchant 2,3956.78,200.74
2025-10-20,Category 6,Merchant 11,3151.42,159.89
2025-09-29,Category 2,Merchant 5,3132.61,164.82
2025-11-03,Category 7,Merchant 1,778.45,39.23
2025-09-29,Category 1,Merchant 20,1031.67,42.36
2025-10-20,Category 3,Merchant 4,2135.75,129.67
2025-10-20,Category 9,Merchant 13,2131.32,104.41
2025-09-08,Category 6,Merchant 14,3995.77,250.81
2025-09-08,Category 3,Merchant 14,6070.34,290.12
2025-11-03,Category 5,Merchant 14,9505.69,596.53
2025-10-27,Category 5,Merchant 9,2388.62,160.76
2025-10-20,Category 2,Merchant 8,4226.33,194.59
2025-09-08,Category 5,Merchant 6,2952.42,214.46
2025-10-27,Category 6,Merchant 13,5078.72,303.73
2025-10-13,Category 9,Merchant 10,985.98,54.18
2025-09-29,Category 9,Merchant 4,3530.5,221.1
2025-09-08,Category 9,Merchant 11,2974.53,150.18
2025-11-03,Category 2,Merchant 5,2525.8,125.3
2025-09-08,Category 7,Merchant 3,2151.86,119.54
2025-10-27,Category 3,Merchant 19,3350.58,212.77
2025-09-29,Category 1,Merchant 1,683.83,39.66
2025-09-29,Category 10,Merchant 4,3309.55,126.49
2025-11-03,Category 7,Merchant 16,2957.78,100.59
2025-11-03,Category 7,Merchant 12,4742.14,238.62
2025-10-20,Category 5,Merchant 18,5618.96,327.99
2025-10-27,Category 10,Merchant 16,1253.8,19.18
2025-10-13,Category 3,Merchant 12,4837.76,286.81
2025-09-22,Category 5,Merchant 17,1248.79,85.69
2025-09-29,Category 8,Merchant 17,4054.78,222.11
2025-10-27,Category 6,Merchant 18,2677.31,204.2
2025-10-20,Category 6,Merchant 7,1522.24,81.41
2025-10-06,Category 1,Merchant 9,4459.52,186.42
2025-10-20,Category 6,Merchant 17,6534.95,398.19
2025-09-08,Category 8,Merchant 10,4045.5,267.15
2025-09-29,Category 7,Merchant 8,3041.46,195.74
2025-10-13,Category 4,Merchant 3,3253.57,203.7
2025-09-29,Category 8,Merchant 10,4445.2,240.99
2025-09-22,Category 1,Merchant 12,1577.35,69.75
2025-10-06,Category 1,Merchant 17,1037.32,38.16
2025-10-06,Category 9,Merchant 15,1557.02,77.25
2025-09-08,Category 5,Merchant 2,1203.15,43.85
2025-09-08,Category 5,Merchant 16,4276.79,286.43
2025-09-29,Category 6,Merchant 17,5795.94,333.59
2025-09-22,Category 1,Merchant 8,4022.32,285.42
2025-10-06,Category 8,Merchant 8,2493.67,148.89
2025-10-27,Category 2,Merchant 11,5736.75,225.24
2025-09-15,Category 1,Merchant 2,1576.27,79.43
2025-09-29,Category 10,Merchant 3,6107.19,291.14
2025-10-20,Category 10,Merchant 19,1371.15,60
2025-09-22,Category 8,Merchant 18,1048.66,64.66
2025-11-03,Category 9,Merchant 3,3742.03,216.36
2025-10-13,Category 6,Merchant 18,1969.21,135.45
2025-11-03,Category 1,Merchant 13,1774.72,52.15
2025-10-13,Category 4,Merchant 4,3091.63,139.07
2025-11-03,Category 10,Merchant 17,565.11,33.14
2025-09-15,Category 7,Merchant 17,4432.18,282.93
2025-10-13,Category 5,Merchant 11,1806.69,103.18
2025-09-08,Category 9,Merchant 2,3800.44,207.78
2025-10-27,Category 10,Merchant 14,2403.28,121.31
2025-09-22,Category 2,Merchant 2,6998.08,438.22
2025-11-03,Category 2,Merchant 15,1720.54,82.57
2025-11-03,Category 3,Merchant 16,2112.48,122.89
2025-09-15,Category 8,Merchant 6,4128.41,247.64
2025-09-22,Category 1,Merchant 7,4034.87,216.62
2025-10-13,Category 9,Merchant 14,508.16,31.15
2025-10-20,Category 1,Merchant 5,2744.59,167.04
2025-09-29,Category 5,Merchant 8,5094.49,219.22
2025-10-13,Category 8,Merchant 18,847.56,26.59
2025-10-20,Category 4,Merchant 15,1068.96,59.12
2025-09-08,Category 9,Merchant 9,2400.05,198.47
2025-09-22,Category 4,Merchant 6,1889.44,88.27
2025-10-06,Category 7,Merchant 16,1512.98,80.32
2025-11-03,Category 8,Merchant 2,4795,196.01
2025-10-06,Category 7,Merchant 13,1382.86,63.96
2025-09-29,Category 6,Merchant 4,1015.78,84.46
2025-10-06,Category 9,Merchant 16,2980.38,180.49
2025-09-15,Category 9,Merchant 10,651.61,63.69
2025-09-15,Category 4,Merchant 17,4362.56,181.86
2025-10-13,Category 5,Merchant 2,2234.88,157.89
2025-09-22,Category 3,Merchant 6,1966.62,156.1
2025-11-03,Category 1,Merchant 5,1763.66,122.86
2025-09-08,Category 1,Merchant 19,2746.16,119.87
2025-09-22,Category 3,Merchant 2,5478.63,337.66
2025-09-29,Category 8,Merchant 4,3021.35,189.74
2025-10-06,Category 8,Merchant 13,4333.85,169.12
2025-10-20,Category 2,Merchant 15,1469.87,79.15
2025-09-15,Category 4,Merchant 4,1954.73,124.14
2025-09-22,Category 10,Merchant 6,3430.41,220.6
2025-09-29,Category 1,Merchant 6,1159.73,48.49
2025-10-27,Category 4,Merchant 3,5575.65,281.42
2025-10-06,Category 6,Merchant 18,2936.52,199.28
2025-09-29,Category 3,Merchant 2,3050,182.71
2025-09-29,Category 8,Merchant 15,2394.63,156.18
2025-10-20,Category 1,Merchant 15,4882.41,261.69
2025-10-06,Category 6,Merchant 9,2640.59,154.52
2025-10-20,Category 1,Merchant 17,1032.21,60.06
2025-10-27,Category 7,Merchant 13,1136.92,48.66
2025-09-08,Category 1,Merchant 14,975.26,73.83
2025-09-22,Category 2,Merchant 20,365.96,19.8
2025-10-06,Category 7,Merchant 3,5045.65,306.85
2025-11-03,Category 3,Merchant 11,2991.17,197.98
2025-11-03,Category 6,Merchant 10,2562.32,100.21
2025-10-27,Category 2,Merchant 12,1462.79,99.78
2025-09-29,Category 1,Merchant 10,1190.56,36.95
2025-09-15,Category 3,Merchant 14,5143.66,196.4
2025-09-22,Category 1,Merchant 15,5691.49,266.76
2025-11-03,Category 10,Merchant 13,1762.18,131.16
2025-10-13,Category 7,Merchant 15,3650.5,177.29
2025-09-29,Category 6,Merchant 6,3229.44,67.31
2025-09-22,Category 3,Merchant 20,2181.26,106.99
2025-09-08,Category 9,Merchant 17,3518.06,208.39
2025-11-03,Category 5,Merchant 11,891.83,45.87
2025-11-03,Category 8,Merchant 5,4420.93,202.92
2025-10-20,Category 8,Merchant 4,3525.17,204.67
2025-09-29,Category 5,Merchant 6,3276.26,237.52
2025-11-03,Category 8,Merchant 8,4247.32,184.22
2025-10-06,Category 6,Merchant 11,5423.47,247.24
2025-10-27,Category 5,Merchant 16,5937.46,411.11
2025-10-20,Category 7,Merchant 13,1663.29,47.27
2025-10-06,Category 10,Merchant 19,2212.42,100.1
2025-10-06,Category 10,Merchant 12,2023.81,121.34
2025-09-22,Category 6,Merchant 6,1608.06,70.08
2025-10-06,Category 2,Merchant 11,4004.06,230.76
2025-10-06,Category 4,Merchant 13,2452.71,124.58
2025-09-08,Category 3,Merchant 16,2468.66,146.13
2025-09-08,Category 6,Merchant 6,2305.99,106.28
2025-09-15,Category 10,Merchant 3,4835.79,175.94
2025-11-03,Category 1,Merchant 7,1431.7,67.36
2025-09-15,Category 6,Merchant 12,5028.33,255.83
2025-10-13,Category 10,Merchant 20,3231.48,155.57
2025-10-27,Category 9,Merchant 4,3443.76,142.9
2025-09-29,Category 9,Merchant 2,4456.99,174.81
2025-11-03,Category 8,Merchant 13,3162.19,98.86
2025-10-20,Category 8,Merchant 11,2272.31,101.36
2025-09-22,Category 8,Merchant 3,5947.2,319.11
2025-09-22,Category 10,Merchant 13,1318.62,17.36
2025-09-08,Category 5,Merchant 10,2338.43,85.93
2025-09-08,Category 4,Merchant 14,6415.48,323.78
2025-09-15,Category 10,Merchant 20,2932.96,123.59
2025-10-20,Category 10,Merchant 18,1656.68,94.09
2025-10-20,Category 8,Merchant 2,3075.47,152.3
2025-10-06,Category 9,Merchant 4,1947.74,115.45
2025-09-22,Category 10,Merchant 16,1147.53,31.45
2025-09-22,Category 1,Merchant 1,1350.62,106.47
2025-10-06,Category 8,Merchant 15,778.24,60.51
2025-10-13,Category 4,Merchant 14,6978.91,348.25
2025-10-06,Category 6,Merchant 3,1069.15,66.74
2025-09-15,Category 6,Merchant 16,3191.79,218.9
2025-10-06,Category 5,Merchant 10,3662.24,242.38
2025-10-13,Category 2,Merchant 18,3245.81,246.31
2025-10-20,Category 9,Merchant 9,2263.34,93.13
2025-09-22,Category 2,Merchant 17,2037.54,78.39
2025-09-29,Category 3,Merchant 17,2590.49,116.97
2025-09-22,Category 5,Merchant 18,6255.74,375.25
2025-09-29,Category 3,Merchant 3,7638.24,352.02
2025-09-15,Category 10,Merchant 4,1917.66,146.91
2025-09-29,Category 4,Merchant 5,3832.69,268.33
2025-10-06,Category 3,Merchant 20,2035.61,92.09
2025-10-06,Category 2,Merchant 9,5827.8,321.33
2025-10-27,Category 6,Merchant 7,765.89,45.06
2025-10-06,Category 8,Merchant 18,1756.7,67.65
2025-09-22,Category 8,Merchant 5,4141.12,239.04
2025-09-29,Category 8,Merchant 9,3672.69,215.43
2025-10-13,Category 7,Merchant 19,6425.81,378.54
2025-09-29,Category 7,Merchant 12,6379.47,307.3
2025-10-27,Category 2,Merchant 18,3518.11,213.62
2025-11-03,Category 3,Merchant 19,3799.65,210.78
2025-09-22,Category 1,Merchant 18,1030.45,74.91
2025-10-27,Category 7,Merchant 11,2331.26,143.14
2025-10-13,Category 9,Merchant 2,4148.6,187.05
2025-10-20,Category 8,Merchant 12,2142.13,110.89
2025-10-06,Category 6,Merchant 5,1968.76,91.67
2025-09-15,Category 2,Merchant 15,2337.37,161.31
2025-10-27,Category 6,Merchant 3,1696.43,56.29
2025-09-08,Category 3,Merchant 4,2760.1,130.15
2025-09-08,Category 8,Merchant 7,2200.33,72.25
2025-10-06,Category 5,Merchant 7,2623.18,172.61
2025-09-29,Category 2,Merchant 11,3922.96,175.47
2025-10-06,Category 2,Merchant 16,3401.71,129.36
2025-09-15,Category 9,Merchant 14,1469.04,108.85
2025-09-22,Category 1,Merchant 20,691,18.31
2025-09-15,Category 3,Merchant 3,6412.78,310.36
2025-09-29,Category 5,Merchant 2,3556.28,172.86
2025-10-13,Category 10,Merchant 4,3421.55,184.74
2025-10-06,Category 10,Merchant 3,5737.92,375.17
2025-10-20,Category 8,Merchant 8,3924.25,173.63
2025-09-15,Category 3,Merchant 20,3096.67,161.08
2025-10-13,Category 8,Merchant 17,5181.18,272.61
2025-10-20,Category 6,Merchant 2,3881.73,187.24
2025-10-20,Category 9,Merchant 20,887.7,39.04
2025-10-27,Category 4,Merchant 8,1018.5,53.7
2025-09-15,Category 2,Merchant 16,3691.89,245.42
2025-10-20,Category 1,Merchant 18,540.24,46.61
2025-09-22,Category 9,Merchant 10,634.17,42.06
2025-10-27,Category 8,Merchant 9,3361.55,147.75
2025-09-15,Category 6,Merchant 6,2273.88,139.19
2025-10-20,Category 4,Merchant 13,2352.15,54.09
2025-09-22,Category 1,Merchant 17,1783.77,74.17
2025-09-08,Category 4,Merchant 17,2522.83,131.83
2025-09-22,Category 10,Merchant 19,1538.96,57.72
2025-10-20,Category 9,Merchant 7,4219.42,242.95
2025-09-22,Category 5,Merchant 9,1842.59,81.01
2025-09-29,Category 1,Merchant 8,3864.47,249.76
2025-09-29,Category 7,Merchant 11,2326.16,121.09
2025-09-29,Category 6,Merchant 19,11832.25,632.55
2025-09-15,Category 4,Merchant 3,5126.6,251.53
2025-10-13,Category 7,Merchant 8,3565.69,166.74
2025-10-13,Category 3,Merchant 17,2836.01,113.2
2025-10-20,Category 7,Merchant 20,2867.66,93.72
2025-10-27,Category 6,Merchant 16,3937.3,251.81
2025-10-13,Category 9,Merchant 4,3724.52,219.62
2025-09-29,Category 3,Merchant 18,4880.72,254.27
2025-09-22,Category 1,Merchant 6,2112.11,152.3
2025-10-13,Category 6,Merchant 6,2974.28,159.57
2025-09-15,Category 2,Merchant 4,2557.71,133.25
2025-09-15,Category 1,Merchant 18,1634.48,54.22
2025-09-22,Category 5,Merchant 8,5028.88,270.32
2025-09-15,Category 8,Merchant 4,4281.15,185.36
2025-09-08,Category 9,Merchant 8,303.69,21.69
2025-09-22,Category 9,Merchant 11,3754.24,222.74
2025-09-08,Category 5,Merchant 8,4866.3,213.75
2025-09-29,Category 7,Merchant 10,9330.72,498.26
2025-11-03,Category 2,Merchant 12,400.16,34.14
2025-10-27,Category 9,Merchant 2,3853.79,182.6
2025-09-29,Category 4,Merchant 15,950.19,43.85
2025-09-08,Category 1,Merchant 12,1299.75,77.86
2025-10-27,Category 7,Merchant 15,4673.99,239.73
2025-10-20,Category 8,Merchant 3,3603.02,162.89
2025-10-27,Category 3,Merchant 12,4037.79,185.51
2025-09-29,Category 3,Merchant 7,2565.31,158.33
2025-09-29,Category 4,Merchant 18,5073.45,321.73
2025-09-22,Category 7,Merchant 2,2314.7,154.83
2025-09-08,Category 2,Merchant 11,4555.64,303.45
2025-09-08,Category 4,Merchant 13,2235.49,56.54
2025-10-06,Category 8,Merchant 11,3394.28,199.14
2025-09-15,Category 7,Merchant 2,4294.84,237.08
2025-09-08,Category 8,Merchant 11,3321.1,143.24
2025-09-22,Category 8,Merchant 11,3355.06,169.77
2025-10-13,Category 4,Merchant 18,3185.47,190.94
2025-09-15,Category 9,Merchant 1,2935.79,207.91
2025-09-08,Category 3,Merchant 17,3037.46,161.78
2025-10-06,Category 3,Merchant 14,5386.26,289.42
2025-10-27,Category 10,Merchant 8,584.24,35.63
2025-09-15,Category 7,Merchant 19,3493.91,183.39
2025-10-13,Category 7,Merchant 10,5604.53,285.13
2025-10-06,Category 6,Merchant 7,1213.65,72.43
2025-11-03,Category 4,Merchant 18,3401.59,143.87
2025-09-29,Category 9,Merchant 3,4787.42,242.3
2025-10-06,Category 1,Merchant 18,1049.83,41.58
2025-09-29,Category 3,Merchant 4,4078.02,268.06
2025-10-20,Category 9,Merchant 8,1403,45.87
2025-10-20,Category 1,Merchant 1,1092.75,46.04
2025-10-27,Category 5,Merchant 2,2334.1,132.89
2025-09-15,Category 5,Merchant 19,7272.65,362.66
2025-10-13,Category 7,Merchant 12,6197.37,277.52
2025-11-03,Category 5,Merchant 7,3142.7,210.79
2025-09-15,Category 7,Merchant 9,3914.8,180.05
2025-09-29,Category 8,Merchant 1,1870.65,134.2
2025-10-20,Category 9,Merchant 17,4850.53,225.98
2025-09-08,Category 1,Merchant 1,1698.88,58.53
2025-10-06,Category 9,Merchant 1,3716.49,191.71
2025-09-15,Category 6,Merchant 2,4565.9,248.49
2025-09-08,Category 10,Merchant 20,2903.51,129.38
2025-10-06,Category 5,Merchant 13,3710.97,223.43
2025-11-03,Category 6,Merchant 7,914.51,48.28
2025-09-15,Category 2,Merchant 2,6946.91,302.55
2025-10-13,Category 2,Merchant 13,5286.58,288.41
2025-10-27,Category 8,Merchant 7,2309.63,144.12
2025-10-06,Category 8,Merchant 1,162.02,12.42
2025-10-13,Category 7,Merchant 20,3005.89,176.88
2025-09-22,Category 3,Merchant 18,4683.59,240.66
2025-09-22,Category 9,Merchant 20,1924.36,105.15
2025-09-22,Category 3,Merchant 11,4255.9,270.08
2025-10-06,Category 4,Merchant 15,1215.08,45.73
2025-10-13,Category 5,Merchant 13,3066.36,195.68
2025-09-29,Category 1,Merchant 3,1715.89,122.07
2025-10-27,Category 1,Merchant 2,957.42,63.63
2025-11-03,Category 2,Merchant 4,2540.18,99.59
2025-09-15,Category 7,Merchant 11,1623.49,112.33
2025-10-06,Category 3,Merchant 8,829.74,37.14
2025-11-03,Category 6,Merchant 17,6199.89,365.67
2025-09-15,Category 6,Merchant 14,4903.72,239.21
2025-09-29,Category 3,Merchant 15,3229.86,144.83
2025-09-08,Category 6,Merchant 10,2374.66,74.71
2025-09-08,Category 8,Merchant 3,3026.62,140.48
2025-09-15,Category 7,Merchant 14,3408.56,186.63
2025-09-22,Category 10,Merchant 5,892.24,46.32
2025-09-15,Category 8,Merchant 8,3017.75,150.24
2025-09-08,Category 1,Merchant 13,350.76,7.33
2025-10-27,Category 3,Merchant 16,2773.95,167.46
2025-09-22,Category 8,Merchant 9,3094.45,178.42
2025-09-08,Category 10,Merchant 11,1252.15,80.98
2025-11-03,Category 7,Merchant 8,3468.85,202.65
2025-11-03,Category 3,Merchant 6,2357.96,73.88
2025-09-08,Category 3,Merchant 18,5101.97,185.24
2025-09-22,Category 5,Merchant 6,3156.46,156.06
2025-11-03,Category 6,Merchant 12,5919.86,260.56
2025-10-06,Category 1,Merchant 19,1503.61,63.42
2025-10-27,Category 5,Merchant 3,3034.39,185.75
2025-10-20,Category 2,Merchant 4,3898.34,210.28
2025-10-13,Category 4,Merchant 10,1598.76,110.4
2025-11-03,Category 8,Merchant 9,3130.3,195.19
2025-09-22,Category 7,Merchant 6,4136.26,197.76
2025-10-06,Category 9,Merchant 14,1657.5,125.94
2025-10-13,Category 8,Merchant 12,2101.16,116.41
2025-11-03,Category 8,Merchant 10,5160.01,282.68
2025-09-15,Category 5,Merchant 12,4810.17,284.29
2025-10-27,Category 9,Merchant 11,3944.91,239.69
2025-09-15,Category 9,Merchant 16,2733.19,178.14
2025-11-03,Category 9,Merchant 14,1870.84,95.84
2025-10-20,Category 4,Merchant 4,4196.67,259.05
2025-09-29,Category 1,Merchant 18,2340.51,117.96
2025-10-06,Category 5,Merchant 6,3761.45,181.54
2025-10-27,Category 8,Merchant 16,5460.91,308.76
2025-11-03,Category 7,Merchant 2,2270.24,137.01
2025-09-15,Category 1,Merchant 5,4113.77,244.32
2025-09-15,Category 3,Merchant 6,863.11,53.68
2025-09-22,Category 5,Merchant 4,3536.75,152.28
2025-10-20,Category 6,Merchant 9,3167.62,134.66
2025-10-27,Category 5,Merchant 11,1272.34,72.41
2025-10-27,Category 5,Merchant 7,2822.22,167.35
2025-10-06,Category 7,Merchant 4,2549.89,124.2
2025-10-13,Category 1,Merchant 1,806.52,43.28
2025-11-03,Category 7,Merchant 10,6041.3,312.53
2025-10-27,Category 3,Merchant 2,4347.01,205.03
2025-10-20,Category 8,Merchant 17,4648.3,247.79
2025-09-08,Category 10,Merchant 14,1854.1,122.15
2025-09-22,Category 9,Merchant 7,4354.55,281.05
2025-09-22,Category 6,Merchant 5,4364.82,219.87
2025-10-27,Category 9,Merchant 9,2393.74,95.47
2025-09-29,Category 5,Merchant 15,2334.65,149.02
2025-10-27,Category 4,Merchant 2,3736.47,198.6
2025-09-08,Category 7,Merchant 8,2666.79,123.77
2025-10-27,Category 8,Merchant 11,3485.45,180.3
2025-10-13,Category 3,Merchant 9,2219.56,131.87
2025-09-29,Category 4,Merchant 16,5727,277.92
2025-10-06,Category 3,Merchant 16,3826.35,147.33
2025-10-13,Category 2,Merchant 10,3177.11,147.41
2025-09-08,Category 7,Merchant 9,1945.71,81.7
2025-09-08,Category 9,Merchant 3,3035.18,152.8
2025-10-27,Category 2,Merchant 4,2844.39,147.27
2025-10-27,Category 9,Merchant 8,1240.97,61.67
2025-09-08,Category 3,Merchant 13,1981.92,121.28
2025-09-15,Category 5,Merchant 6,3382.96,174.52
2025-09-29,Category 6,Merchant 5,4120.14,248.61
2025-11-03,Category 7,Merchant 15,2461.59,86.77
2025-10-13,Category 2,Merchant 6,4583.25,149.72
2025-09-29,Category 9,Merchant 11,3499.75,151.51
2025-10-20,Category 1,Merchant 2,1046.38,90.8
2025-11-03,Category 2,Merchant 11,3478.68,172.97
2025-09-15,Category 9,Merchant 20,1319.93,87.5
2025-09-15,Category 8,Merchant 15,1029.63,42.71
2025-10-20,Category 4,Merchant 10,337.84,9.68
2025-10-27,Category 7,Merchant 14,2791.73,149.4
2025-09-29,Category 7,Merchant 3,5694.35,417.69
2025-10-27,Category 9,Merchant 6,4375,206.18
2025-10-27,Category 3,Merchant 20,2414.95,124.63
2025-09-29,Category 6,Merchant 10,4681.06,259.01
2025-10-06,Category 2,Merchant 13,4117.24,281.23
2025-09-22,Category 5,Merchant 7,1761.36,108.82
2025-11-03,Category 4,Merchant 11,4861.59,244.78
2025-10-27,Category 4,Merchant 14,7818.68,439.1
2025-11-03,Category 2,Merchant 18,3161.24,159.28
2025-10-13,Category 4,Merchant 11,4261.31,184.61
2025-09-29,Category 6,Merchant 15,6572.98,442.51
2025-10-20,Category 6,Merchant 18,1986.27,139.73
2025-10-20,Category 3,Merchant 19,4233.58,199.71
2025-11-03,Category 5,Merchant 6,3606.99,158.32
2025-09-29,Category 4,Merchant 11,3696.7,193.63
2025-09-15,Category 9,Merchant 7,3874.93,226.02
2025-10-06,Category 1,Merchant 2,895.87,76.8
2025-09-08,Category 2,Merchant 9,3336.7,188.94
2025-11-03,Category 4,Merchant 4,959.04,36.86
2025-10-27,Category 3,Merchant 15,2757.8,172.46
2025-10-06,Category 10,Merchant 10,1404.43,64.37
2025-10-27,Category 3,Merchant 18,6035.06,315.16
2025-09-22,Category 4,Merchant 14,9283.15,424.39
2025-09-15,Category 3,Merchant 12,4477.85,204.06
2025-09-22,Category 8,Merchant 13,6575.44,362.63
2025-09-15,Category 8,Merchant 5,3845.89,174.69
2025-09-15,Category 4,Merchant 8,2429.26,150.79
2025-10-13,Category 1,Merchant 2,1724.43,97.64
2025-09-15,Category 6,Merchant 3,1152.24,42.77
2025-10-20,Category 7,Merchant 14,4161.78,143.62
2025-09-15,Category 5,Merchant 15,1421.97,75.94
2025-09-15,Category 5,Merchant 9,2676.59,114.4
2025-10-13,Category 10,Merchant 11,2481.98,99.64
2025-10-27,Category 7,Merchant 19,3836.65,174.57
2025-10-20,Category 8,Merchant 9,4887.25,239.83
2025-09-22,Category 3,Merchant 10,992.76,38.58
2025-09-08,Category 8,Merchant 5,2709.78,156.3
2025-11-03,Category 1,Merchant 6,1054.39,36.47
2025-10-27,Category 9,Merchant 20,960.24,35.35
2025-11-03,Category 3,Merchant 2,3316.52,171.68
2025-10-06,Category 3,Merchant 11,4501.61,213.78
2025-09-22,Category 4,Merchant 15,2016.28,101.95
2025-10-27,Category 9,Merchant 18,5590.11,248.87
2025-09-08,Category 7,Merchant 6,2957.12,140.8
2025-09-22,Category 5,Merchant 2,2715.79,177.45
2025-10-27,Category 8,Merchant 4,3427.5,188.34
2025-11-03,Category 5,Merchant 13,2693.16,136.24
2025-10-27,Category 6,Merchant 17,5810.35,282.39
2025-09-15,Category 7,Merchant 18,5889.35,366.78
2025-09-08,Category 7,Merchant 17,2322.64,138.15
2025-09-29,Category 2,Merchant 7,12598.41,701.46
2025-10-06,Category 5,Merchant 4,3687.55,194.81
2025-09-15,Category 3,Merchant 11,3932.34,209.4
2025-09-08,Category 8,Merchant 12,2699.82,178.15
2025-10-13,Category 6,Merchant 4,650.18,39.85
2025-09-08,Category 6,Merchant 4,580.73,44.42
2025-10-27,Category 3,Merchant 11,7246.99,224.77
2025-10-06,Category 1,Merchant 5,2562.66,152.19
2025-09-29,Category 3,Merchant 5,2949.29,141.72
2025-09-29,Category 1,Merchant 19,2531.58,169.92
2025-10-27,Category 9,Merchant 3,4257.27,299.88
2025-10-13,Category 4,Merchant 6,1726.49,80.52
2025-11-03,Category 1,Merchant 3,1471.54,89.92
2025-10-13,Category 7,Merchant 11,3357.44,110.36
2025-11-03,Category 7,Merchant 9,2707.34,118.86
2025-10-27,Category 5,Merchant 13,5194.4,249.38
2025-10-13,Category 2,Merchant 2,5285.23,273.7
2025-09-29,Category 6,Merchant 2,3244.82,156.76
2025-11-03,Category 9,Merchant 15,2893.93,166.34
2025-10-27,Category 8,Merchant 19,3502.72,127.35
2025-10-13,Category 3,Merchant 13,3768.67,255.51
2025-10-27,Category 1,Merchant 11,2093.85,92.79
2025-10-13,Category 10,Merchant 17,2003.47,117.55
2025-09-29,Category 6,Merchant 11,2560.02,196.6
2025-10-13,Category 6,Merchant 3,879.47,20.3
2025-09-08,Category 8,Merchant 1,279.39,13.16
2025-10-06,Category 1,Merchant 14,1230.08,102.88
2025-10-06,Category 9,Merchant 2,4371.97,248.15
2025-10-20,Category 3,Merchant 9,1715.5,97.34
2025-09-22,Category 1,Merchant 9,6145.74,354.8
2025-10-06,Category 5,Merchant 8,6343.43,323.89
2025-09-15,Category 9,Merchant 3,3463.02,204.25
2025-10-06,Category 2,Merchant 12,2076.81,88.2
2025-10-06,Category 10,Merchant 8,1386.05,107.38
2025-09-29,Category 5,Merchant 10,4660.35,217.84
2025-10-06,Category 4,Merchant 12,7584.93,382.64
2025-10-06,Category 2,Merchant 3,2268.59,141.51
2025-10-20,Category 1,Merchant 3,1474.6,48.94
2025-09-29,Category 8,Merchant 5,3084.26,136.27
2025-09-22,Category 5,Merchant 12,5755.28,292.75
2025-09-29,Category 9,Merchant 16,2143.54,127.65
2025-09-22,Category 7,Merchant 1,1476.86,93.49
2025-09-22,Category 1,Merchant 5,2564.18,165.65
2025-10-13,Category 7,Merchant 17,5409.49,308.54
2025-10-13,Category 2,Merchant 3,3330.29,117.34
2025-10-13,Category 8,Merchant 9,1771.04,88.98
2025-09-15,Category 1,Merchant 1,1619.62,101.98
2025-10-06,Category 8,Merchant 6,2569.49,155.8
2025-09-08,Category 5,Merchant 5,2562.38,119.89
2025-09-29,Category 10,Merchant 14,2327.33,158.82
2025-11-03,Category 1,Merchant 15,4264.48,134.82
